image_name,label
captcha_0.png,UHRV
captcha_1.png,4CI2
captcha_2.png,M901
captcha_3.png,PRRW
captcha_4.png,Y3M0
captcha_5.png,ZN28
captcha_6.png,MJU5
captcha_7.png,TPLR
captcha_8.png,DPBS
captcha_9.png,WKHN
captcha_10.png,GKXO
captcha_11.png,RJOP
captcha_12.png,BJEQ
captcha_13.png,HVQN
captcha_14.png,RUGO
captcha_15.png,CUXP
captcha_16.png,HTUS
captcha_17.png,JH12
captcha_18.png,3J35
captcha_19.png,I7K5
captcha_20.png,C2G4
captcha_21.png,GXPP
captcha_22.png,OXGQ
captcha_23.png,JAYN
captcha_24.png,TH26
captcha_25.png,MFIT
captcha_26.png,7SA6
captcha_27.png,AZVR
captcha_28.png,AMGY
captcha_29.png,KMWZ
captcha_30.png,RMCB
captcha_31.png,NOKL
captcha_32.png,WVNQ
captcha_33.png,JCKU
captcha_34.png,2KJ9
captcha_35.png,XMRH
captcha_36.png,LTPL
captcha_37.png,7B73
captcha_38.png,TRKC
captcha_39.png,76B2
captcha_40.png,0IO8
captcha_41.png,0SW5
captcha_42.png,I126
captcha_43.png,RQRQ
captcha_44.png,PE62
captcha_45.png,J5Q2
captcha_46.png,MDER
captcha_47.png,4TH7
captcha_48.png,LJ96
captcha_49.png,7ZY7
captcha_50.png,QLDX
captcha_51.png,7ET5
captcha_52.png,VJQ7
captcha_53.png,YNJY
captcha_54.png,BHFV
captcha_55.png,MHWW
captcha_56.png,CNRN
captcha_57.png,HZDK
captcha_58.png,YWUR
captcha_59.png,T1V8
captcha_60.png,MOGO
captcha_61.png,WPWP
captcha_62.png,RODR
captcha_63.png,COTT
captcha_64.png,RH47
captcha_65.png,AP02
captcha_66.png,SVPK
captcha_67.png,N434
captcha_68.png,81J4
captcha_69.png,LW58
captcha_70.png,J4Y8
captcha_71.png,1W45
captcha_72.png,P3Y9
captcha_73.png,X1F2
captcha_74.png,A9O6
captcha_75.png,O2B4
captcha_76.png,FDS3
captcha_77.png,HKB6
captcha_78.png,CGTD
captcha_79.png,NGVE
captcha_80.png,G1R2
captcha_81.png,DRYC
captcha_82.png,X0D9
captcha_83.png,2LZ5
captcha_84.png,0E39
captcha_85.png,UJMS
captcha_86.png,KS18
captcha_87.png,58N8
captcha_88.png,FO37
captcha_89.png,IRXK
captcha_90.png,P856
captcha_91.png,ICOI
captcha_92.png,6GT4
captcha_93.png,B9L3
captcha_94.png,WWCG
captcha_95.png,N7A9
captcha_96.png,I0C8
captcha_97.png,MUQK
captcha_98.png,WUGL
captcha_99.png,HTWM
captcha_100.png,I7L8
captcha_101.png,D2J6
captcha_102.png,TPPH
captcha_103.png,QLSP
captcha_104.png,E2P1
captcha_105.png,PDPQ
captcha_106.png,ACGR
captcha_107.png,N3C5
captcha_108.png,ANYP
captcha_109.png,K3V2
captcha_110.png,E8S5
captcha_111.png,OSLB
captcha_112.png,DJSC
captcha_113.png,49L9
captcha_114.png,OW28
captcha_115.png,1J88
captcha_116.png,DMHB
captcha_117.png,DTZS
captcha_118.png,NXO9
captcha_119.png,ISWV
captcha_120.png,TSNW
captcha_121.png,TN43
captcha_122.png,TZ75
captcha_123.png,9X25
captcha_124.png,54P3
captcha_125.png,JP46
captcha_126.png,VN27
captcha_127.png,UZRR
captcha_128.png,ZLDN
captcha_129.png,UKKO
captcha_130.png,PJQS
captcha_131.png,9U31
captcha_132.png,V3Z8
captcha_133.png,JY98
captcha_134.png,42O0
captcha_135.png,WP56
captcha_136.png,3SW0
captcha_137.png,VZ55
captcha_138.png,5AW4
captcha_139.png,UOBU
captcha_140.png,S6C3
captcha_141.png,UU24
captcha_142.png,6PK3
captcha_143.png,NXGK
captcha_144.png,ONXO
captcha_145.png,4OF5
captcha_146.png,96E7
captcha_147.png,LI74
captcha_148.png,32M9
captcha_149.png,OCEI
captcha_150.png,FBHM
captcha_151.png,AAOO
captcha_152.png,GMAK
captcha_153.png,QLQM
captcha_154.png,BLHN
captcha_155.png,RWJK
captcha_156.png,BWZL
captcha_157.png,2ET2
captcha_158.png,V0O1
captcha_159.png,4PU4
captcha_160.png,O693
captcha_161.png,UPJM
captcha_162.png,FOZN
captcha_163.png,D2O5
captcha_164.png,5QO2
captcha_165.png,YXIR
captcha_166.png,IXZS
captcha_167.png,0X74
captcha_168.png,BLKO
captcha_169.png,Y4V5
captcha_170.png,ESRR
captcha_171.png,PSHS
captcha_172.png,FDKQ
captcha_173.png,4LY4
captcha_174.png,UPMN
captcha_175.png,FODO
captcha_176.png,POTP
captcha_177.png,ANJQ
captcha_178.png,O9U6
captcha_179.png,GKOL
captcha_180.png,BKVN
captcha_181.png,GVHJ
captcha_182.png,RVXK
captcha_183.png,BVOL
captcha_184.png,WUUN
captcha_185.png,0KI6
captcha_186.png,2CH4
captcha_187.png,U8C8
captcha_188.png,8DU1
captcha_189.png,7TF3
captcha_190.png,OYXM
captcha_191.png,ZKH6
captcha_192.png,9IZ2
captcha_193.png,GJZK
captcha_194.png,DAWM
captcha_195.png,OZMN
captcha_196.png,UVI9
captcha_197.png,BTZK
captcha_198.png,FWHI
captcha_199.png,5ML4
captcha_200.png,KG77
captcha_201.png,OGL9
captcha_202.png,BZI2
captcha_203.png,DDOO
captcha_204.png,NDER
captcha_205.png,TPQN
captcha_206.png,XF45
captcha_207.png,LXHQ
captcha_208.png,JNES
captcha_209.png,T8U1
captcha_210.png,WHQP
captcha_211.png,4CX2
captcha_212.png,9OF2
captcha_213.png,WSJN
captcha_214.png,HSZO
captcha_215.png,KTN8
captcha_216.png,UMM5
captcha_217.png,59B0
captcha_218.png,TC88
captcha_219.png,SOBM
captcha_220.png,IZDK
captcha_221.png,DYKM
captcha_222.png,GHT5
captcha_223.png,5OC2
captcha_224.png,HJBX
captcha_225.png,40F5
captcha_226.png,VUKX
captcha_227.png,KTTM
captcha_228.png,YI75
captcha_229.png,VECL
captcha_230.png,GZU1
captcha_231.png,KO59
captcha_232.png,PGJ2
captcha_233.png,J615
captcha_234.png,FD19
captcha_235.png,79I5
captcha_236.png,JXLQ
captcha_237.png,MZTO
captcha_238.png,SLFL
captcha_239.png,NKMN
captcha_240.png,F2U0
captcha_241.png,FSDP
captcha_242.png,S3G5
captcha_243.png,ODMO
captcha_244.png,9YT1
captcha_245.png,L0U4
captcha_246.png,EB20
captcha_247.png,R3I2
captcha_248.png,UYVZ
captcha_249.png,EYMA
captcha_250.png,PYCB
captcha_251.png,H9G3
captcha_252.png,XUGL
captcha_253.png,IUXM
captcha_254.png,W0D2
captcha_255.png,YFZK
captcha_256.png,VN97
captcha_257.png,YQSI
captcha_258.png,JQIJ
captcha_259.png,3GM3
captcha_260.png,WNFR
captcha_261.png,8MP4
captcha_262.png,PYGC
captcha_263.png,AXWD
captcha_264.png,KXME
captcha_265.png,M0B8
captcha_266.png,AIPB
captcha_267.png,LIFC
captcha_268.png,CNI2
captcha_269.png,4JX2
captcha_270.png,4CN6
captcha_271.png,XI92
captcha_272.png,Y6K1
captcha_273.png,EPSM
captcha_274.png,POIN
captcha_275.png,N964
captcha_276.png,8QO7
captcha_277.png,S4J2
captcha_278.png,4OK1
captcha_279.png,TIBR
captcha_280.png,DHRS
captcha_281.png,LTDP
captcha_282.png,DSKR
captcha_283.png,JEWN
captcha_284.png,2DZ0
captcha_285.png,52O3
captcha_286.png,3WQ0
captcha_287.png,UX62
captcha_288.png,HPNG
captcha_289.png,SODH
captcha_290.png,9WW3
captcha_291.png,GVY7
captcha_292.png,EKY7
captcha_293.png,TBPH
captcha_294.png,YZMK
captcha_295.png,JZCM
captcha_296.png,ZKEJ
captcha_297.png,JKVK
captcha_298.png,ZVXH
captcha_299.png,KVOI
captcha_300.png,1P40
captcha_301.png,PHAE
captcha_302.png,AGQG
captcha_303.png,QBP0
captcha_304.png,22P4
captcha_305.png,E0G3
captcha_306.png,YDEP
captcha_307.png,IDUO
captcha_308.png,TT39
captcha_309.png,VK57
captcha_310.png,88G2
captcha_311.png,ER25
captcha_312.png,3ZL3
captcha_313.png,9S45
captcha_314.png,V8W1
captcha_315.png,V9W0
captcha_316.png,SVJX
captcha_317.png,9SS4
captcha_318.png,GUQ9
captcha_319.png,SGCV
captcha_320.png,5NA0
captcha_321.png,GIBV
captcha_322.png,BUXQ
captcha_323.png,WUES
captcha_324.png,2YA6
captcha_325.png,BSBV
captcha_326.png,0SW5
captcha_327.png,ENXS
captcha_328.png,XO63
captcha_329.png,Y9P3
captcha_330.png,FYQQ
captcha_331.png,R3Q2
captcha_332.png,S786
captcha_333.png,6QU1
captcha_334.png,6VP7
captcha_335.png,YW23
captcha_336.png,A4U1
captcha_337.png,XM54
captcha_338.png,9GT4
captcha_339.png,1XP2
captcha_340.png,REGU
captcha_341.png,MDNW
captcha_342.png,XCEX
captcha_343.png,HCUY
captcha_344.png,SCKZ
captcha_345.png,XNWV
captcha_346.png,TI03
captcha_347.png,T0S6
captcha_348.png,4TU1
captcha_349.png,VHZU
captcha_350.png,GHPV
captcha_351.png,9OY1
captcha_352.png,JJYT
captcha_353.png,2OA1
captcha_354.png,TBN5
captcha_355.png,J4RS
captcha_356.png,ZH84
captcha_357.png,CCIU
captcha_358.png,P2G1
captcha_359.png,XBPW
captcha_360.png,JDL7
captcha_361.png,9D93
captcha_362.png,SZDP
captcha_363.png,DYTR
captcha_364.png,NYKS
captcha_365.png,LXOU
captcha_366.png,TXHV
captcha_367.png,YITR
captcha_368.png,EUFN
captcha_369.png,EHOU
captcha_370.png,JTCR
captcha_371.png,EFVM
captcha_372.png,RM52
captcha_373.png,UN50
captcha_374.png,O3V2
captcha_375.png,O3F9
captcha_376.png,F5R2
captcha_377.png,UL88
captcha_378.png,DLIZ
captcha_379.png,2GG9
captcha_380.png,OVRY
captcha_381.png,3US6
captcha_382.png,YY54
captcha_383.png,49A2
captcha_384.png,PSCV
captcha_385.png,UEOR
captcha_386.png,MYM5
captcha_387.png,TLT3
captcha_388.png,XLWU
captcha_389.png,1PS5
captcha_390.png,0PW1
captcha_391.png,LRO5
captcha_392.png,C6L3
captcha_393.png,JHXS
captcha_394.png,TGOT
captcha_395.png,2BI4
captcha_396.png,L8N6
captcha_397.png,NCM9
captcha_398.png,I059
captcha_399.png,XCXD
captcha_400.png,G1K6
captcha_401.png,8KQ4
captcha_402.png,AMPS
captcha_403.png,3UD5
captcha_404.png,DPYQ
captcha_405.png,4NR3
captcha_406.png,2PH8
captcha_407.png,RZKR
captcha_408.png,MYRT
captcha_409.png,WXHU
captcha_410.png,HXYW
captcha_411.png,E6S8
captcha_412.png,MWVZ
captcha_413.png,SIHV
captcha_414.png,CHXW
captcha_415.png,NHNX
captcha_416.png,CBS0
captcha_417.png,OU52
captcha_418.png,1WQ4
captcha_419.png,RY42
captcha_420.png,PIR0
captcha_421.png,4XS3
captcha_422.png,JNN6
captcha_423.png,OZKR
captcha_424.png,BLPA
captcha_425.png,HXBX
captcha_426.png,CWIZ
captcha_427.png,SIKW
captcha_428.png,CHAX
captcha_429.png,NHRY
captcha_430.png,XGHZ
captcha_431.png,STDU
captcha_432.png,SHOB
captcha_433.png,NSV3
captcha_434.png,TMV3
captcha_435.png,TRHA
captcha_436.png,TCZY
captcha_437.png,EBQZ
captcha_438.png,86S4
captcha_439.png,CR35
captcha_440.png,PZOS
captcha_441.png,WG96
captcha_442.png,2GZ9
captcha_443.png,SJGG
captcha_444.png,DVR8
captcha_445.png,IVID
captcha_446.png,QYE2
captcha_447.png,APF3
captcha_448.png,OG72
captcha_449.png,DH94
captcha_450.png,4SV8
captcha_451.png,T277
captcha_452.png,8LS3
captcha_453.png,5AS2
captcha_454.png,IN91
captcha_455.png,5JN6
captcha_456.png,FHFT
captcha_457.png,PHVU
captcha_458.png,KS61
captcha_459.png,NVAO
captcha_460.png,YVQP
captcha_461.png,GDRQ
captcha_462.png,LQDM
captcha_463.png,LCOT
captcha_464.png,RJTK
captcha_465.png,1HF1
captcha_466.png,9HD5
captcha_467.png,KX51
captcha_468.png,9Y73
captcha_469.png,Z803
captcha_470.png,J9A4
captcha_471.png,YU05
captcha_472.png,OZHF
captcha_473.png,8V50
captcha_474.png,TD71
captcha_475.png,RKAE
captcha_476.png,OAW3
captcha_477.png,RVTC
captcha_478.png,ZLGF
captcha_479.png,0KG2
captcha_480.png,CFCB
captcha_481.png,H5A8
captcha_482.png,A5J7
captcha_483.png,LWD3
captcha_484.png,41R6
captcha_485.png,Y8T8
captcha_486.png,4SZ0
captcha_487.png,WZZQ
captcha_488.png,T869
captcha_489.png,UAB2
captcha_490.png,B3C1
captcha_491.png,2QB1
captcha_492.png,4SP3
captcha_493.png,TQ45
captcha_494.png,KHPW
captcha_495.png,UHFY
captcha_496.png,X5B9
captcha_497.png,VSYW
captcha_498.png,LRLA
captcha_499.png,VQCB
captcha_500.png,XN35
captcha_501.png,OL49
captcha_502.png,3V99
captcha_503.png,HPRR
captcha_504.png,HAKP
captcha_505.png,CAQR
captcha_506.png,SLTO
captcha_507.png,N9O5
captcha_508.png,VW19
captcha_509.png,3QV5
captcha_510.png,0UR4
captcha_511.png,SMY5
captcha_512.png,MAOM
captcha_513.png,XZEN
captcha_514.png,6I24
captcha_515.png,PD85
captcha_516.png,O3F1
captcha_517.png,AC12
captcha_518.png,N4H8
captcha_519.png,0KH7
captcha_520.png,WUVZ
captcha_521.png,G5H2
captcha_522.png,OCLB
captcha_523.png,XXX9
captcha_524.png,Y3Z5
captcha_525.png,B3Z8
captcha_526.png,ZYNZ
captcha_527.png,CG28
captcha_528.png,UXUB
captcha_529.png,3DO5
captcha_530.png,BXAE
captcha_531.png,MXQF
captcha_532.png,K9D0
captcha_533.png,UIBR
captcha_534.png,FNU5
captcha_535.png,OTG2
captcha_536.png,FSKQ
captcha_537.png,A4G3
captcha_538.png,I483
captcha_539.png,D9U4
captcha_540.png,GOWN
captcha_541.png,I3T4
captcha_542.png,GO42
captcha_543.png,Q0U5
captcha_544.png,MJFN
captcha_545.png,XJVO
captcha_546.png,HHTH
captcha_547.png,SGJI
captcha_548.png,B9B6
captcha_549.png,C8F1
captcha_550.png,H9D7
captcha_551.png,C2U9
captcha_552.png,OCCH
captcha_553.png,L660
captcha_554.png,OAGM
captcha_555.png,N2I3
captcha_556.png,AESC
captcha_557.png,KZGM
captcha_558.png,XI12
captcha_559.png,K1B5
captcha_560.png,5ES2
captcha_561.png,0IT1
captcha_562.png,JU08
captcha_563.png,WUIK
captcha_564.png,GUYL
captcha_565.png,RUPM
captcha_566.png,BTFN
captcha_567.png,J8F2
captcha_568.png,9GK3
captcha_569.png,SQAJ
captcha_570.png,CPQK
captcha_571.png,XPXM
captcha_572.png,GDSH
captcha_573.png,BXXS
captcha_574.png,JW84
captcha_575.png,WIP4
captcha_576.png,BIQQ
captcha_577.png,MIGR
captcha_578.png,ELYO
captcha_579.png,PKPQ
captcha_580.png,ZKFR
captcha_581.png,KJVS
captcha_582.png,CEBN
captcha_583.png,XDIP
captcha_584.png,NPKM
captcha_585.png,57D1
captcha_586.png,OADL
captcha_587.png,LQAN
captcha_588.png,WQQO
captcha_589.png,BCCK
captcha_590.png,MCTL
captcha_591.png,BIN3
captcha_592.png,MD01
captcha_593.png,4QP4
captcha_594.png,KO96
captcha_595.png,S5S7
captcha_596.png,O6M3
captcha_597.png,OGEN
captcha_598.png,AGUP
captcha_599.png,6CI6
captcha_600.png,D300
captcha_601.png,LTOZ
captcha_602.png,S5B5
captcha_603.png,5CS8
captcha_604.png,MEHX
captcha_605.png,A2F4
captcha_606.png,D3T4
captcha_607.png,UOZB
captcha_608.png,G0L5
captcha_609.png,9PQ7
captcha_610.png,OBKM
captcha_611.png,24K1
captcha_612.png,DL61
captcha_613.png,YKCP
captcha_614.png,YXOW
captcha_615.png,S8M4
captcha_616.png,7NT3
captcha_617.png,O6T6
captcha_618.png,6UD5
captcha_619.png,8WS3
captcha_620.png,X3N1
captcha_621.png,8K78
captcha_622.png,I3M7
captcha_623.png,APLO
captcha_624.png,LPBR
captcha_625.png,GBXM
captcha_626.png,9IE5
captcha_627.png,J523
captcha_628.png,DLF6
captcha_629.png,MDF8
captcha_630.png,UTNP
captcha_631.png,ETDQ
captcha_632.png,PSUR
captcha_633.png,G1A2
captcha_634.png,I645
captcha_635.png,6IJ8
captcha_636.png,DCBE
captcha_637.png,NCRF
captcha_638.png,YCIG
captcha_639.png,3BS5
captcha_640.png,CT96
captcha_641.png,LWUD
captcha_642.png,GVBG
captcha_643.png,W2C9
captcha_644.png,WGDD
captcha_645.png,0YL0
captcha_646.png,36M9
captcha_647.png,NVG4
captcha_648.png,AOC6
captcha_649.png,34T5
captcha_650.png,JB65
captcha_651.png,XWD0
captcha_652.png,Z4E2
captcha_653.png,XIKV
captcha_654.png,JIB8
captcha_655.png,0KC1
captcha_656.png,XYKZ
captcha_657.png,SYRB
captcha_658.png,AGRD
captcha_659.png,7VM5
captcha_660.png,LQAC
captcha_661.png,0RJ6
captcha_662.png,0TG1
captcha_663.png,LLHL
captcha_664.png,BQ39
captcha_665.png,VWQL
captcha_666.png,GWGM
captcha_667.png,8MP9
captcha_668.png,2QL7
captcha_669.png,RL58
captcha_670.png,1SL6
captcha_671.png,T469
captcha_672.png,WFMP
captcha_673.png,HFDQ
captcha_674.png,YLZ7
captcha_675.png,KZZM
captcha_676.png,FYGO
captcha_677.png,PYWP
captcha_678.png,FJYM
captcha_679.png,OJPO
captcha_680.png,5SJ1
captcha_681.png,2F18
captcha_682.png,G4Y9
captcha_683.png,X1H2
captcha_684.png,YJ91
captcha_685.png,KX31
captcha_686.png,KC82
captcha_687.png,5TL4
captcha_688.png,1JI6
captcha_689.png,YDKS
captcha_690.png,FDLG
captcha_691.png,OAH2
captcha_692.png,9LT5
captcha_693.png,W3N8
captcha_694.png,7I22
captcha_695.png,9EQ3
captcha_696.png,U1P8
captcha_697.png,MTSP
captcha_698.png,WTIQ
captcha_699.png,HSYR
captcha_700.png,KVHQ
captcha_701.png,52R4
captcha_702.png,NPDM
captcha_703.png,IOKO
captcha_704.png,NAWK
captcha_705.png,GY54
captcha_706.png,GN88
captcha_707.png,DZJP
captcha_708.png,IKVL
captcha_709.png,TKMM
captcha_710.png,4FV5
captcha_711.png,A0C6
captcha_712.png,JZ68
captcha_713.png,1FH1
captcha_714.png,PCTA
captcha_715.png,KCAC
captcha_716.png,UBQD
captcha_717.png,5WQ1
captcha_718.png,EU82
captcha_719.png,0QX1
captcha_720.png,DKES
captcha_721.png,8KT6
captcha_722.png,GFAO
captcha_723.png,GSLV
captcha_724.png,93L9
captcha_725.png,SL35
captcha_726.png,0IT8
captcha_727.png,SONT
captcha_728.png,VKV3
captcha_729.png,NLCN
captcha_730.png,P5V8
captcha_731.png,SKZQ
captcha_732.png,DJPR
captcha_733.png,YHEL
captcha_734.png,JGUM
captcha_735.png,ROUN
captcha_736.png,JRNK
captcha_737.png,URDL
captcha_738.png,CZDM
captcha_739.png,1IH2
captcha_740.png,CKWL
captcha_741.png,GCF8
captcha_742.png,IJTO
captcha_743.png,SIKP
captcha_744.png,OGYI
captcha_745.png,YFOK
captcha_746.png,8AU6
captcha_747.png,ORRH
captcha_748.png,OECO
captcha_749.png,W266
captcha_750.png,6ET5
captcha_751.png,FT39
captcha_752.png,4C06
captcha_753.png,JSV2
captcha_754.png,SZLY
captcha_755.png,DZCZ
captcha_756.png,QI88
captcha_757.png,BTFY
captcha_758.png,A2J7
captcha_759.png,8JB2
captcha_760.png,BEXW
captcha_761.png,LDOX
captcha_762.png,A8T9
captcha_763.png,T4B5
captcha_764.png,ZALF
captcha_765.png,UZSH
captcha_766.png,K685
captcha_767.png,UKKG
captcha_768.png,FKBH
captcha_769.png,PKRI
captcha_770.png,U2D8
captcha_771.png,OZ74
captcha_772.png,LV31
captcha_773.png,CXI5
captcha_774.png,LFJH
captcha_775.png,WDHZ
captcha_776.png,HCYA
captcha_777.png,RGOB
captcha_778.png,CBFC
captcha_779.png,SNHA
captcha_780.png,CNXB
captcha_781.png,NMOC
captcha_782.png,9PA5
captcha_783.png,CO31
captcha_784.png,LJBL
captcha_785.png,GU85
captcha_786.png,4CY1
captcha_787.png,ZTIY
captcha_788.png,JSZZ
captcha_789.png,USPA
captcha_790.png,ESGB
captcha_791.png,SMSZ
captcha_792.png,C780
captcha_793.png,K2F3
captcha_794.png,BE45
captcha_795.png,W659
captcha_796.png,2XQ3
captcha_797.png,YZ86
captcha_798.png,OJTW
captcha_799.png,JX59
captcha_800.png,GVVT
captcha_801.png,RUMU
captcha_802.png,63B5
captcha_803.png,JCCW
captcha_804.png,UCTY
captcha_805.png,ECJZ
captcha_806.png,JLO2
captcha_807.png,0MJ8
captcha_808.png,FNCX
captcha_809.png,PMSY
captcha_810.png,H3O9
captcha_811.png,T2I5
captcha_812.png,OL65
captcha_813.png,LUZO
captcha_814.png,GUGS
captcha_815.png,RTXT
captcha_816.png,OOA7
captcha_817.png,K129
captcha_818.png,1JL9
captcha_819.png,5VZ4
captcha_820.png,5VD0
captcha_821.png,CPZR
captcha_822.png,NPPS
captcha_823.png,R6N1
captcha_824.png,O4U7
captcha_825.png,4LN5
captcha_826.png,0OL5
captcha_827.png,JG46
captcha_828.png,ZIG3
captcha_829.png,5E99
captcha_830.png,SWBC
captcha_831.png,CWRD
captcha_832.png,GM94
captcha_833.png,HINC
captcha_834.png,SHDE
captcha_835.png,4ZS7
captcha_836.png,81T7
captcha_837.png,NRDE
captcha_838.png,64F5
captcha_839.png,QMZA
captcha_840.png,ALPB
captcha_841.png,WOXM
captcha_842.png,9LH4
captcha_843.png,4VC3
captcha_844.png,G3E4
captcha_845.png,GFL9
captcha_846.png,H202
captcha_847.png,HTK6
captcha_848.png,SL18
captcha_849.png,FF56
captcha_850.png,1AZ9
captcha_851.png,7YC8
captcha_852.png,OTPL
captcha_853.png,O7C5
captcha_854.png,JRDF
captcha_855.png,J049
captcha_856.png,4LG7
captcha_857.png,PATG
captcha_858.png,UMFC
captcha_859.png,FMWD
captcha_860.png,ZIH3
captcha_861.png,VXYB
captcha_862.png,OE15
captcha_863.png,01G2
captcha_864.png,LZWQ
captcha_865.png,LKPO
captcha_866.png,P7J4
captcha_867.png,J4Q9
captcha_868.png,ZEBM
captcha_869.png,UDIO
captcha_870.png,3JX2
captcha_871.png,XZL4
captcha_872.png,EP64
captcha_873.png,L354
captcha_874.png,ALGH
captcha_875.png,VKMJ
captcha_876.png,EWG1
captcha_877.png,LWPG
captcha_878.png,QDB3
captcha_879.png,GVW1
captcha_880.png,BUCK
captcha_881.png,MUTM
captcha_882.png,MSAD
captcha_883.png,MFMK
captcha_884.png,ZCF5
captcha_885.png,1FG1
captcha_886.png,OPCW
captcha_887.png,A0E4
captcha_888.png,00Z3
captcha_889.png,OA27
captcha_890.png,JIWW
captcha_891.png,TICX
captcha_892.png,EHTY
captcha_893.png,CX30
captcha_894.png,67D9
captcha_895.png,PSCY
captcha_896.png,KRIA
captcha_897.png,CMOV
captcha_898.png,ZDLX
captcha_899.png,72Z7
captcha_900.png,NXXV
captcha_901.png,G762
captcha_902.png,IWEX
captcha_903.png,RSH1
captcha_904.png,TOH0
captcha_905.png,6PB3
captcha_906.png,RVRO
captcha_907.png,JTIW
captcha_908.png,5RG8
captcha_909.png,BI21
captcha_910.png,39C9
captcha_911.png,A147
captcha_912.png,6KB0
captcha_913.png,D3H8
captcha_914.png,V9Z9
captcha_915.png,NZLH
captcha_916.png,LH16
captcha_917.png,BBKG
captcha_918.png,79I4
captcha_919.png,OVXD
captcha_920.png,Z2T3
captcha_921.png,I735
captcha_922.png,ZGGD
captcha_923.png,N2Z2
captcha_924.png,NA99
captcha_925.png,PFTH
captcha_926.png,FOWP
captcha_927.png,QQMG
captcha_928.png,APDH
captcha_929.png,GBPD
captcha_930.png,JDXB
captcha_931.png,5I89
captcha_932.png,LYTX
captcha_933.png,3FC0
captcha_934.png,RXRB
captcha_935.png,FKS7
captcha_936.png,5NF3
captcha_937.png,8GM4
captcha_938.png,C7B3
captcha_939.png,8JZ6
captcha_940.png,JB79
captcha_941.png,CJ98
captcha_942.png,DDLX
captcha_943.png,YDSZ
captcha_944.png,ICIA
captcha_945.png,YOLK
captcha_946.png,E5B2
captcha_947.png,ZZDW
captcha_948.png,D767
captcha_949.png,KHT2
captcha_950.png,6C97
captcha_951.png,Y1A4
captcha_952.png,SVYH
captcha_953.png,CUOI
captcha_954.png,UZ38
captcha_955.png,DFHH
captcha_956.png,NFXI
captcha_957.png,D7W3
captcha_958.png,YCVA
captcha_959.png,JCMB
captcha_960.png,TD42
captcha_961.png,GOGM
captcha_962.png,JQPL
captcha_963.png,ZCSI
captcha_964.png,P6P3
captcha_965.png,I5T9
captcha_966.png,D7J1
captcha_967.png,2KC2
captcha_968.png,LXTG
captcha_969.png,VXKH
captcha_970.png,GWAI
captcha_971.png,DRR2
captcha_972.png,TTXO
captcha_973.png,53O9
captcha_974.png,ROLZ
captcha_975.png,24P1
captcha_976.png,EO58
captcha_977.png,M4X5
captcha_978.png,U1G2
captcha_979.png,8IZ8
captcha_980.png,45O3
captcha_981.png,5BS0
captcha_982.png,3BO6
captcha_983.png,OB15
captcha_984.png,36R8
captcha_985.png,LVBM
captcha_986.png,13N8
captcha_987.png,BGDJ
captcha_988.png,UQ13
captcha_989.png,PBPH
captcha_990.png,MRMJ
captcha_991.png,XRDK
captcha_992.png,HLRU
captcha_993.png,JT49
captcha_994.png,56K9
captcha_995.png,OAMO
captcha_996.png,3DY3
captcha_997.png,1W69
captcha_998.png,09S3
captcha_999.png,MVEN
captcha_1000.png,IY25
captcha_1001.png,W5Q0
captcha_1002.png,M0Y4
captcha_1003.png,8GO7
captcha_1004.png,GABJ
captcha_1005.png,OJBK
captcha_1006.png,FS60
captcha_1007.png,KB27
captcha_1008.png,CWKF
captcha_1009.png,J919
captcha_1010.png,OH38
captcha_1011.png,W7J5
captcha_1012.png,S1Q6
captcha_1013.png,MLJN
captcha_1014.png,0VY6
captcha_1015.png,PTQQ
captcha_1016.png,7II8
captcha_1017.png,OK81
captcha_1018.png,ZV20
captcha_1019.png,VFB1
captcha_1020.png,A9W1
captcha_1021.png,NDA2
captcha_1022.png,4YI4
captcha_1023.png,RDWT
captcha_1024.png,6VU6
captcha_1025.png,O6G0
captcha_1026.png,GDPV
captcha_1027.png,0C53
captcha_1028.png,38S0
captcha_1029.png,OBPA
captcha_1030.png,BSVB
captcha_1031.png,X2I4
captcha_1032.png,01D2
captcha_1033.png,JRVG
captcha_1034.png,4VN2
captcha_1035.png,5OV2
captcha_1036.png,P313
captcha_1037.png,C064
captcha_1038.png,DQML
captcha_1039.png,03Y5
captcha_1040.png,MRNY
captcha_1041.png,9D30
captcha_1042.png,IJQY
captcha_1043.png,CUHI
captcha_1044.png,SBDA
captcha_1045.png,QQ27
captcha_1046.png,D8X1
captcha_1047.png,Q0Q9
captcha_1048.png,L9W8
captcha_1049.png,JVCB
captcha_1050.png,30F8
captcha_1051.png,YEDQ
captcha_1052.png,YDN4
captcha_1053.png,IZT2
captcha_1054.png,XQCM
captcha_1055.png,ALYI
captcha_1056.png,2OG1
captcha_1057.png,EIAB
captcha_1058.png,VI39
captcha_1059.png,WQOD
captcha_1060.png,HQHE
captcha_1061.png,90A5
captcha_1062.png,V6T1
captcha_1063.png,00Y5
captcha_1064.png,NIFU
captcha_1065.png,V8S7
captcha_1066.png,0KX7
captcha_1067.png,0NA9
captcha_1068.png,NOWK
captcha_1069.png,F8F0
captcha_1070.png,FYNM
captcha_1071.png,6GW7
captcha_1072.png,V0R4
captcha_1073.png,1S31
captcha_1074.png,ECEV
captcha_1075.png,3QD8
captcha_1076.png,U043
captcha_1077.png,TQMP
captcha_1078.png,16W7
captcha_1079.png,WXTT
captcha_1080.png,0SX3
captcha_1081.png,0YR1
captcha_1082.png,31K6
captcha_1083.png,7N55
captcha_1084.png,CPRI
captcha_1085.png,28R0
captcha_1086.png,YF04
captcha_1087.png,7IZ9
captcha_1088.png,OZYV
captcha_1089.png,4C50
captcha_1090.png,IHPX
captcha_1091.png,K7S1
captcha_1092.png,N6W4
captcha_1093.png,YZ28
captcha_1094.png,IUNT
captcha_1095.png,FJ10
captcha_1096.png,F073
captcha_1097.png,50H2
captcha_1098.png,6Z38
captcha_1099.png,HFQU
captcha_1100.png,B646
captcha_1101.png,KZMQ
captcha_1102.png,2OC0
captcha_1103.png,OWOJ
captcha_1104.png,7JQ8
captcha_1105.png,REVM
captcha_1106.png,IZS7
captcha_1107.png,F2B9
captcha_1108.png,RFNP
captcha_1109.png,CFEQ
captcha_1110.png,1OJ4
captcha_1111.png,IWCF
captcha_1112.png,GF04
captcha_1113.png,JOGW
captcha_1114.png,UNXX
captcha_1115.png,4ZV1
captcha_1116.png,4BR8
captcha_1117.png,JWYM
captcha_1118.png,8T40
captcha_1119.png,YQ61
captcha_1120.png,G0L6
captcha_1121.png,VM43
captcha_1122.png,BH64
captcha_1123.png,XWWD
captcha_1124.png,YQK5
captcha_1125.png,1S94
captcha_1126.png,0HB1
captcha_1127.png,UEQG
captcha_1128.png,1VU4
captcha_1129.png,W592
captcha_1130.png,H703
captcha_1131.png,HWU0
captcha_1132.png,MK14
captcha_1133.png,ECXB
captcha_1134.png,WXW5
captcha_1135.png,BEZ0
captcha_1136.png,Z1U1
captcha_1137.png,LUVQ
captcha_1138.png,BY38
captcha_1139.png,19O0
captcha_1140.png,7Q24
captcha_1141.png,37C1
captcha_1142.png,4VC0
captcha_1143.png,8E85
captcha_1144.png,CRVZ
captcha_1145.png,K1M5
captcha_1146.png,K6V8
captcha_1147.png,90R7
captcha_1148.png,Y5O1
captcha_1149.png,2T88
captcha_1150.png,XWF1
captcha_1151.png,DUHF
captcha_1152.png,8QM2
captcha_1153.png,ILAH
captcha_1154.png,SKRI
captcha_1155.png,ATRJ
captcha_1156.png,LSIL
captcha_1157.png,NGV9
captcha_1158.png,HNW9
captcha_1159.png,DQTC
captcha_1160.png,LYTD
captcha_1161.png,1HW3
captcha_1162.png,82O5
captcha_1163.png,CB93
captcha_1164.png,4L20
captcha_1165.png,X5J8
captcha_1166.png,P367
captcha_1167.png,OML8
captcha_1168.png,RVIB
captcha_1169.png,BVYC
captcha_1170.png,XIQ6
captcha_1171.png,YM19
captcha_1172.png,4UT3
captcha_1173.png,MNPP
captcha_1174.png,A0K8
captcha_1175.png,EXMP
captcha_1176.png,OTZV
captcha_1177.png,9C35
captcha_1178.png,JBOX
captcha_1179.png,X9T6
captcha_1180.png,BEU3
captcha_1181.png,P503
captcha_1182.png,UUHK
captcha_1183.png,UHSR
captcha_1184.png,4XN3
captcha_1185.png,I088
captcha_1186.png,YRJD
captcha_1187.png,68K6
captcha_1188.png,OZAF
captcha_1189.png,BUQ5
captcha_1190.png,GFVX
captcha_1191.png,YPSX
captcha_1192.png,K2J8
captcha_1193.png,G029
captcha_1194.png,2TH7
captcha_1195.png,MGP1
captcha_1196.png,BI12
captcha_1197.png,VWOD
captcha_1198.png,JQAA
captcha_1199.png,TPRB
captcha_1200.png,BKX1
captcha_1201.png,87Y8
captcha_1202.png,XVB1
captcha_1203.png,HURJ
captcha_1204.png,YVE7
captcha_1205.png,4JO5
captcha_1206.png,FV43
captcha_1207.png,05O8
captcha_1208.png,1NY0
captcha_1209.png,3MK1
captcha_1210.png,WXAK
captcha_1211.png,8F66
captcha_1212.png,NA88
captcha_1213.png,TNF6
captcha_1214.png,OO12
captcha_1215.png,UKK9
captcha_1216.png,K0V4
captcha_1217.png,5SW1
captcha_1218.png,JE98
captcha_1219.png,4EK6
captcha_1220.png,GN73
captcha_1221.png,77H6
captcha_1222.png,O2J9
captcha_1223.png,JU16
captcha_1224.png,U7K9
captcha_1225.png,TPEF
captcha_1226.png,6Y85
captcha_1227.png,FW60
captcha_1228.png,C407
captcha_1229.png,Y5M6
captcha_1230.png,M3Z2
captcha_1231.png,LFMY
captcha_1232.png,X4T7
captcha_1233.png,52O9
captcha_1234.png,OPDK
captcha_1235.png,0R63
captcha_1236.png,HXUM
captcha_1237.png,6QH8
captcha_1238.png,CWBO
captcha_1239.png,5HM6
captcha_1240.png,ZH30
captcha_1241.png,OBBV
captcha_1242.png,XC54
captcha_1243.png,DX41
captcha_1244.png,VFFE
captcha_1245.png,F8F2
captcha_1246.png,YABB
captcha_1247.png,TN85
captcha_1248.png,SWHV
captcha_1249.png,DVXW
captcha_1250.png,6A32
captcha_1251.png,B2T6
captcha_1252.png,C049
captcha_1253.png,ZWMX
captcha_1254.png,28V0
captcha_1255.png,ZDD6
captcha_1256.png,DEB9
captcha_1257.png,LEOZ
captcha_1258.png,YVWA
captcha_1259.png,IA55
captcha_1260.png,25U3
captcha_1261.png,NEXP
captcha_1262.png,YDOR
captcha_1263.png,V5S1
captcha_1264.png,OOC8
captcha_1265.png,J5X4
captcha_1266.png,KRYY
captcha_1267.png,T6K0
captcha_1268.png,NHNP
captcha_1269.png,BLK8
captcha_1270.png,35F0
captcha_1271.png,3MJ5
captcha_1272.png,H0Z2
captcha_1273.png,9X58
captcha_1274.png,5YC0
captcha_1275.png,ZC96
captcha_1276.png,CXGU
captcha_1277.png,8AS2
captcha_1278.png,UFXX
captcha_1279.png,2S70
captcha_1280.png,T3I6
captcha_1281.png,NDIO
captcha_1282.png,XKA3
captcha_1283.png,66F1
captcha_1284.png,A2G6
captcha_1285.png,YVZB
captcha_1286.png,M0MB
captcha_1287.png,PFJF
captcha_1288.png,8GV6
captcha_1289.png,IMAH
captcha_1290.png,D5S3
captcha_1291.png,5YC0
captcha_1292.png,LXRT
captcha_1293.png,LKCA
captcha_1294.png,HQ25
captcha_1295.png,PEW2
captcha_1296.png,S247
captcha_1297.png,ZUJN
captcha_1298.png,RPOI
captcha_1299.png,4HX0
captcha_1300.png,13F1
captcha_1301.png,M1F4
captcha_1302.png,VMQB
captcha_1303.png,DVRC
captcha_1304.png,9DH1
captcha_1305.png,Y9Z1
captcha_1306.png,WSCU
captcha_1307.png,AYZ9
captcha_1308.png,R0N8
captcha_1309.png,KIIM
captcha_1310.png,CHY0
captcha_1311.png,69C4
captcha_1312.png,XD88
captcha_1313.png,XSPZ
captcha_1314.png,G3F4
captcha_1315.png,OZFB
captcha_1316.png,AZWC
captcha_1317.png,PR39
captcha_1318.png,SP98
captcha_1319.png,1CZ2
captcha_1320.png,X5V0
captcha_1321.png,WRDQ
captcha_1322.png,HRUR
captcha_1323.png,SZS7
captcha_1324.png,N423
captcha_1325.png,APFJ
captcha_1326.png,HEK3
captcha_1327.png,DEUZ
captcha_1328.png,ROUV
captcha_1329.png,IJB9
captcha_1330.png,VJQ1
captcha_1331.png,9K47
captcha_1332.png,LLHG
captcha_1333.png,WKYI
captcha_1334.png,KJ04
captcha_1335.png,0MW1
captcha_1336.png,N6C4
captcha_1337.png,BXT4
captcha_1338.png,MCMY
captcha_1339.png,S0T4
captcha_1340.png,QRBP
captcha_1341.png,KMT3
captcha_1342.png,HF69
captcha_1343.png,GG41
captcha_1344.png,EBIB
captcha_1345.png,O4I2
captcha_1346.png,WJZE
captcha_1347.png,U2F9
captcha_1348.png,A8M4
captcha_1349.png,PHKV
captcha_1350.png,CRI8
captcha_1351.png,IPBY
captcha_1352.png,R2D9
captcha_1353.png,C6S1
captcha_1354.png,SGH5
captcha_1355.png,IH49
captcha_1356.png,KJA6
captcha_1357.png,6F92
captcha_1358.png,YDOG
captcha_1359.png,6RZ4
captcha_1360.png,9OR4
captcha_1361.png,FF54
captcha_1362.png,VSTZ
captcha_1363.png,G5F0
captcha_1364.png,F060
captcha_1365.png,RV90
captcha_1366.png,TIUQ
captcha_1367.png,5CA6
captcha_1368.png,T6B5
captcha_1369.png,I7U5
captcha_1370.png,XY76
captcha_1371.png,8ZO3
captcha_1372.png,EWOA
captcha_1373.png,0Z37
captcha_1374.png,RR10
captcha_1375.png,3PN3
captcha_1376.png,WUFG
captcha_1377.png,S811
captcha_1378.png,UD04
captcha_1379.png,BYJP
captcha_1380.png,JGJQ
captcha_1381.png,FW50
captcha_1382.png,5M92
captcha_1383.png,CEUI
captcha_1384.png,UX43
captcha_1385.png,EF02
captcha_1386.png,AW58
captcha_1387.png,9GH0
captcha_1388.png,YOUI
captcha_1389.png,YJ50
captcha_1390.png,F4B2
captcha_1391.png,AM90
captcha_1392.png,Y367
captcha_1393.png,X6L8
captcha_1394.png,YM80
captcha_1395.png,KVFB
captcha_1396.png,OXM4
captcha_1397.png,2Y32
captcha_1398.png,9ZG0
captcha_1399.png,OLW3
captcha_1400.png,S8V6
captcha_1401.png,OGK6
captcha_1402.png,MPLB
captcha_1403.png,KWH5
captcha_1404.png,7X12
captcha_1405.png,6YA4
captcha_1406.png,NVWU
captcha_1407.png,8LJ7
captcha_1408.png,GTIL
captcha_1409.png,QYFS
captcha_1410.png,YGGT
captcha_1411.png,1C37
captcha_1412.png,7J57
captcha_1413.png,APSU
captcha_1414.png,V2U8
captcha_1415.png,VTGB
captcha_1416.png,DWIY
captcha_1417.png,S945
captcha_1418.png,LF46
captcha_1419.png,8BQ0
captcha_1420.png,5YI0
captcha_1421.png,NHRX
captcha_1422.png,EU47
captcha_1423.png,16I9
captcha_1424.png,P5U6
captcha_1425.png,T892
captcha_1426.png,J3J7
captcha_1427.png,FQR2
captcha_1428.png,8LA8
captcha_1429.png,OVVG
captcha_1430.png,GOAC
captcha_1431.png,HDMJ
captcha_1432.png,RDCK
captcha_1433.png,AEYI
captcha_1434.png,2P13
captcha_1435.png,2QI9
captcha_1436.png,NDRL
captcha_1437.png,YZG3
captcha_1438.png,NH82
captcha_1439.png,IKO8
captcha_1440.png,KF45
captcha_1441.png,BAKF
captcha_1442.png,3AX7
captcha_1443.png,UIAH
captcha_1444.png,67X8
captcha_1445.png,MTBS
captcha_1446.png,C1A2
captcha_1447.png,1YS2
captcha_1448.png,DUPE
captcha_1449.png,LDQF
captcha_1450.png,XVB0
captcha_1451.png,ENQQ
captcha_1452.png,PNHR
captcha_1453.png,PASY
captcha_1454.png,HVXT
captcha_1455.png,ILSJ
captcha_1456.png,R4T3
captcha_1457.png,F2F3
captcha_1458.png,VAXB
captcha_1459.png,HV08
captcha_1460.png,AJIP
captcha_1461.png,RI46
captcha_1462.png,ML80
captcha_1463.png,M9S2
captcha_1464.png,GI08
captcha_1465.png,T1P4
captcha_1466.png,WOBK
captcha_1467.png,FB35
captcha_1468.png,EA94
captcha_1469.png,F7H2
captcha_1470.png,D8M5
captcha_1471.png,E657
captcha_1472.png,APJZ
captcha_1473.png,O248
captcha_1474.png,8EQ7
captcha_1475.png,TMUR
captcha_1476.png,7BY6
captcha_1477.png,RZ83
captcha_1478.png,M002
captcha_1479.png,CZJO
captcha_1480.png,G6T4
captcha_1481.png,HNTH
captcha_1482.png,HOC5
captcha_1483.png,PDGK
captcha_1484.png,WVUW
captcha_1485.png,SK34
captcha_1486.png,N249
captcha_1487.png,YU34
captcha_1488.png,ASWP
captcha_1489.png,6Q96
captcha_1490.png,DNSL
captcha_1491.png,65D9
captcha_1492.png,1LV6
captcha_1493.png,27D5
captcha_1494.png,K6P7
captcha_1495.png,GZ43
captcha_1496.png,YY01
captcha_1497.png,VTVT
captcha_1498.png,A3G4
captcha_1499.png,OAMW
captcha_1500.png,Y7R3
captcha_1501.png,79M2
captcha_1502.png,XRF5
captcha_1503.png,XR49
captcha_1504.png,KOME
captcha_1505.png,A103
captcha_1506.png,SMHV
captcha_1507.png,ZRK4
captcha_1508.png,AV82
captcha_1509.png,QQ84
captcha_1510.png,M427
captcha_1511.png,XGLH
captcha_1512.png,45O0
captcha_1513.png,OOCK
captcha_1514.png,ANSL
captcha_1515.png,DA44
captcha_1516.png,N2H0
captcha_1517.png,C6L9
captcha_1518.png,BTEE
captcha_1519.png,0MZ9
captcha_1520.png,2SU1
captcha_1521.png,CNFP
captcha_1522.png,0AH9
captcha_1523.png,VUWS
captcha_1524.png,VKQH
captcha_1525.png,DTRI
captcha_1526.png,JY48
captcha_1527.png,WDF8
captcha_1528.png,6E97
captcha_1529.png,OLIV
captcha_1530.png,SR16
captcha_1531.png,6S10
captcha_1532.png,0TX7
captcha_1533.png,U469
captcha_1534.png,3XN8
captcha_1535.png,TSXP
captcha_1536.png,BAXQ
captcha_1537.png,L1S4
captcha_1538.png,GOPK
captcha_1539.png,73C4
captcha_1540.png,LSB7
captcha_1541.png,4H74
captcha_1542.png,JLRD
captcha_1543.png,KY57
captcha_1544.png,6HZ1
captcha_1545.png,U310
captcha_1546.png,LB19
captcha_1547.png,13W7
captcha_1548.png,NMZS
captcha_1549.png,N2A7
captcha_1550.png,UH13
captcha_1551.png,39P5
captcha_1552.png,OJAK
captcha_1553.png,WE60
captcha_1554.png,JRRN
captcha_1555.png,M4A9
captcha_1556.png,D6H5
captcha_1557.png,E419
captcha_1558.png,UKIA
captcha_1559.png,4EQ9
captcha_1560.png,L879
captcha_1561.png,Q0M4
captcha_1562.png,T8Y7
captcha_1563.png,2O59
captcha_1564.png,DOPJ
captcha_1565.png,0NE5
captcha_1566.png,WWGL
captcha_1567.png,B8M5
captcha_1568.png,EVBC
captcha_1569.png,X1M6
captcha_1570.png,1T68
captcha_1571.png,0XQ7
captcha_1572.png,ONSP
captcha_1573.png,IEK5
captcha_1574.png,S9D9
captcha_1575.png,5KJ5
captcha_1576.png,6BZ3
captcha_1577.png,ZCB8
captcha_1578.png,62I4
captcha_1579.png,B6R1
captcha_1580.png,MMMW
captcha_1581.png,EXU6
captcha_1582.png,4PS9
captcha_1583.png,7WO5
captcha_1584.png,YZWD
captcha_1585.png,JZME
captcha_1586.png,UTA2
captcha_1587.png,RXHV
captcha_1588.png,CXYW
captcha_1589.png,KFYX
captcha_1590.png,S4T0
captcha_1591.png,5AT8
captcha_1592.png,P707
captcha_1593.png,QD76
captcha_1594.png,FXGL
captcha_1595.png,8EL1
captcha_1596.png,AULF
captcha_1597.png,VGHA
captcha_1598.png,N514
captcha_1599.png,3XJ3
captcha_1600.png,OESS
captcha_1601.png,ZR57
captcha_1602.png,63A5
captcha_1603.png,RLZV
captcha_1604.png,RG43
captcha_1605.png,J5O0
captcha_1606.png,NA11
captcha_1607.png,O5J6
captcha_1608.png,MDHJ
captcha_1609.png,YFZ6
captcha_1610.png,1GC9
captcha_1611.png,OSBQ
captcha_1612.png,9C76
captcha_1613.png,IWOX
captcha_1614.png,ZZ78
captcha_1615.png,7ZU3
captcha_1616.png,OY80
captcha_1617.png,UKZF
captcha_1618.png,PD30
captcha_1619.png,TWZ4
captcha_1620.png,1UR5
captcha_1621.png,YCUS
captcha_1622.png,UR96
captcha_1623.png,CLFG
captcha_1624.png,RTE3
captcha_1625.png,GAUX
captcha_1626.png,3QY5
captcha_1627.png,U051
captcha_1628.png,2SF3
captcha_1629.png,SJXZ
captcha_1630.png,UJ00
captcha_1631.png,W8M5
captcha_1632.png,LHIR
captcha_1633.png,GX74
captcha_1634.png,9NJ4
captcha_1635.png,O0J1
captcha_1636.png,5K23
captcha_1637.png,I8G1
captcha_1638.png,SUZA
captcha_1639.png,WOB9
captcha_1640.png,7XY9
captcha_1641.png,WK02
captcha_1642.png,ZXGL
captcha_1643.png,KXXM
captcha_1644.png,H2U8
captcha_1645.png,D5M0
captcha_1646.png,M2E3
captcha_1647.png,NUZF
captcha_1648.png,YUPG
captcha_1649.png,OPVB
captcha_1650.png,NJ78
captcha_1651.png,OXJ3
captcha_1652.png,UPYC
captcha_1653.png,O3Z4
captcha_1654.png,LEBH
captcha_1655.png,LZ67
captcha_1656.png,R8B5
captcha_1657.png,6FN7
captcha_1658.png,NFGU
captcha_1659.png,KV14
captcha_1660.png,5R40
captcha_1661.png,GYE9
captcha_1662.png,IHG2
captcha_1663.png,GIJ3
captcha_1664.png,E5B8
captcha_1665.png,RWJZ
captcha_1666.png,ZEJA
captcha_1667.png,X7Q6
captcha_1668.png,GK81
captcha_1669.png,3YM1
captcha_1670.png,AKVT
captcha_1671.png,OAF4
captcha_1672.png,KA14
captcha_1673.png,21L4
captcha_1674.png,OUCG
captcha_1675.png,WCCH
captcha_1676.png,GCTI
captcha_1677.png,SY26
captcha_1678.png,F3F6
captcha_1679.png,ZAEA
captcha_1680.png,Y7R7
captcha_1681.png,ATFM
captcha_1682.png,AGQT
captcha_1683.png,37O8
captcha_1684.png,JW12
captcha_1685.png,G3U6
captcha_1686.png,XBZP
captcha_1687.png,KWH4
captcha_1688.png,RF01
captcha_1689.png,ELM9
captcha_1690.png,USAF
captcha_1691.png,ERRG
captcha_1692.png,W084
captcha_1693.png,XH81
captcha_1694.png,H1Y7
captcha_1695.png,IPTZ
captcha_1696.png,FP66
captcha_1697.png,4VD2
captcha_1698.png,E3Z8
captcha_1699.png,9SZ5
captcha_1700.png,ZN29
captcha_1701.png,OY58
captcha_1702.png,JTMJ
captcha_1703.png,TLUX
captcha_1704.png,LV98
captcha_1705.png,L8L3
captcha_1706.png,7M79
captcha_1707.png,N5K9
captcha_1708.png,K7O6
captcha_1709.png,YEYJ
captcha_1710.png,HZ95
captcha_1711.png,RMPM
captcha_1712.png,2HL3
captcha_1713.png,C349
captcha_1714.png,UXGX
captcha_1715.png,5EK7
captcha_1716.png,G2I4
captcha_1717.png,B1V1
captcha_1718.png,FZW5
captcha_1719.png,ZXF3
captcha_1720.png,HYJ1
captcha_1721.png,Z6L5
captcha_1722.png,FUFS
captcha_1723.png,I057
captcha_1724.png,XFFD
captcha_1725.png,IFWE
captcha_1726.png,ISHL
captcha_1727.png,EA75
captcha_1728.png,TM25
captcha_1729.png,X0U0
captcha_1730.png,1YS1
captcha_1731.png,U7H4
captcha_1732.png,U5G8
captcha_1733.png,51B8
captcha_1734.png,NXDW
captcha_1735.png,RRJ7
captcha_1736.png,GEUY
captcha_1737.png,6NU8
captcha_1738.png,OV76
captcha_1739.png,U0Q2
captcha_1740.png,9R87
captcha_1741.png,EORM
captcha_1742.png,POIN
captcha_1743.png,IJE7
captcha_1744.png,9H37
captcha_1745.png,JTU6
captcha_1746.png,P193
captcha_1747.png,8PO4
captcha_1748.png,AC91
captcha_1749.png,QKTK
captcha_1750.png,G6C4
captcha_1751.png,KOHS
captcha_1752.png,4BZ9
captcha_1753.png,6OU3
captcha_1754.png,8PY1
captcha_1755.png,OY20
captcha_1756.png,EPYG
captcha_1757.png,ECKN
captcha_1758.png,OBAO
captcha_1759.png,5RD8
captcha_1760.png,44F0
captcha_1761.png,PVBA
captcha_1762.png,T863
captcha_1763.png,2IU9
captcha_1764.png,95S9
captcha_1765.png,FLT4
captcha_1766.png,YZIJ
captcha_1767.png,TNBB
captcha_1768.png,6RU3
captcha_1769.png,S414
captcha_1770.png,HZN4
captcha_1771.png,JOYO
captcha_1772.png,7V53
captcha_1773.png,BWOQ
captcha_1774.png,LYLP
captcha_1775.png,VCIW
captcha_1776.png,92D8
captcha_1777.png,PE07
captcha_1778.png,0XE2
captcha_1779.png,5YS8
captcha_1780.png,CSAN
captcha_1781.png,ITN2
captcha_1782.png,VARP
captcha_1783.png,9XL4
captcha_1784.png,G945
captcha_1785.png,5QH4
captcha_1786.png,PI83
captcha_1787.png,TKOD
captcha_1788.png,FIS2
captcha_1789.png,T5D5
captcha_1790.png,4EU9
captcha_1791.png,8A80
captcha_1792.png,32B3
captcha_1793.png,OIM7
captcha_1794.png,MJR2
captcha_1795.png,RMJS
captcha_1796.png,7G55
captcha_1797.png,Y978
captcha_1798.png,8RZ1
captcha_1799.png,FMCU
captcha_1800.png,QLSV
captcha_1801.png,EGQ7
captcha_1802.png,HOR0
captcha_1803.png,GSON
captcha_1804.png,UOJ5
captcha_1805.png,YBKN
captcha_1806.png,CI93
captcha_1807.png,J8D0
captcha_1808.png,BMBY
captcha_1809.png,ZF67
captcha_1810.png,Z980
captcha_1811.png,CSNR
captcha_1812.png,YUVB
captcha_1813.png,RU70
captcha_1814.png,OM55
captcha_1815.png,79O9
captcha_1816.png,JIFJ
captcha_1817.png,DEO8
captcha_1818.png,EHML
captcha_1819.png,K6E0
captcha_1820.png,CJI5
captcha_1821.png,CBPJ
captcha_1822.png,J6Z8
captcha_1823.png,8A42
captcha_1824.png,4BO6
captcha_1825.png,CQ43
captcha_1826.png,BLMX
captcha_1827.png,35D2
captcha_1828.png,UE85
captcha_1829.png,7SC1
captcha_1830.png,NZWF
captcha_1831.png,3DM7
captcha_1832.png,IYDH
captcha_1833.png,1L99
captcha_1834.png,3YS2
captcha_1835.png,NV08
captcha_1836.png,48OI
captcha_1837.png,D2H0
captcha_1838.png,BPPK
captcha_1839.png,JXQM
captcha_1840.png,UXGN
captcha_1841.png,X4L9
captcha_1842.png,HK64
captcha_1843.png,K1I6
captcha_1844.png,AXM0
captcha_1845.png,YN29
captcha_1846.png,MMOF
captcha_1847.png,9UV8
captcha_1848.png,RC03
captcha_1849.png,S1G4
captcha_1850.png,Y4B1
captcha_1851.png,WZDC
captcha_1852.png,7I37
captcha_1853.png,OT01
captcha_1854.png,M831
captcha_1855.png,V0W5
captcha_1856.png,7WW9
captcha_1857.png,CRBR
captcha_1858.png,WQSS
captcha_1859.png,LCO9
captcha_1860.png,J3G2
captcha_1861.png,GOT1
captcha_1862.png,NWDL
captcha_1863.png,YWUM
captcha_1864.png,TIPI
captcha_1865.png,DIGJ
captcha_1866.png,EU90
captcha_1867.png,JHDM
captcha_1868.png,7ZW5
captcha_1869.png,6UT4
captcha_1870.png,2TT5
captcha_1871.png,2OQ9
captcha_1872.png,TWTR
captcha_1873.png,EWJS
captcha_1874.png,QNR7
captcha_1875.png,PN27
captcha_1876.png,V2I6
captcha_1877.png,YQXD
captcha_1878.png,K6D8
captcha_1879.png,1DL7
captcha_1880.png,TON8
captcha_1881.png,WHYU
captcha_1882.png,WUKB
captcha_1883.png,6WJ6
captcha_1884.png,J1R5
captcha_1885.png,5GJ0
captcha_1886.png,6O75
captcha_1887.png,CYWJ
captcha_1888.png,R0U8
captcha_1889.png,92D8
captcha_1890.png,2E51
captcha_1891.png,2ZL5
captcha_1892.png,CTZG
captcha_1893.png,C0X3
captcha_1894.png,FOVD
captcha_1895.png,Y2U3
captcha_1896.png,TD94
captcha_1897.png,5QA2
captcha_1898.png,ILXV
captcha_1899.png,Q315
captcha_1900.png,RGS2
captcha_1901.png,B6N8
captcha_1902.png,P5O8
captcha_1903.png,AJNC
captcha_1904.png,LJED
captcha_1905.png,VIUE
captcha_1906.png,C352
captcha_1907.png,BMYM
captcha_1908.png,IKH6
captcha_1909.png,7DD1
captcha_1910.png,LK98
captcha_1911.png,BF87
captcha_1912.png,ZWWA
captcha_1913.png,RRBW
captcha_1914.png,COSX
captcha_1915.png,CDDE
captcha_1916.png,2EY0
captcha_1917.png,5U91
captcha_1918.png,FOUP
captcha_1919.png,ZM60
captcha_1920.png,WUPH
captcha_1921.png,2PS9
captcha_1922.png,ZPLD
captcha_1923.png,XW60
captcha_1924.png,X6W0
captcha_1925.png,BR62
captcha_1926.png,CMNW
captcha_1927.png,MMDX
captcha_1928.png,0BC2
captcha_1929.png,IMW6
captcha_1930.png,0UP4
captcha_1931.png,8EL2
captcha_1932.png,9RG8
captcha_1933.png,NE56
captcha_1934.png,YI71
captcha_1935.png,WTQD
captcha_1936.png,9OGI
captcha_1937.png,5HO9
captcha_1938.png,WB20
captcha_1939.png,C0V1
captcha_1940.png,D6R8
captcha_1941.png,DS24
captcha_1942.png,74O9
captcha_1943.png,GPA9
captcha_1944.png,OFB7
captcha_1945.png,W0O7
captcha_1946.png,7HV8
captcha_1947.png,I351
captcha_1948.png,GW26
captcha_1949.png,HKVY
captcha_1950.png,AO67
captcha_1951.png,AVVJ
captcha_1952.png,1K39
captcha_1953.png,L9U4
captcha_1954.png,OPIG
captcha_1955.png,ZEKX
captcha_1956.png,MNM5
captcha_1957.png,TV06
captcha_1958.png,VYU1
captcha_1959.png,P192
captcha_1960.png,STQ9
captcha_1961.png,O4M9
captcha_1962.png,3NN6
captcha_1963.png,LIUI
captcha_1964.png,UKQG
captcha_1965.png,7M60
captcha_1966.png,TU77
captcha_1967.png,ZNUP
captcha_1968.png,KNLQ
captcha_1969.png,SVLR
captcha_1970.png,9NF0
captcha_1971.png,L2I4
captcha_1972.png,PJ51
captcha_1973.png,FFSE
captcha_1974.png,L662
captcha_1975.png,YNJH
captcha_1976.png,YC59
captcha_1977.png,TKD2
captcha_1978.png,Y4R0
captcha_1979.png,YM32
captcha_1980.png,85Z8
captcha_1981.png,NGDU
captcha_1982.png,VUP3
captcha_1983.png,OVW8
captcha_1984.png,B327
captcha_1985.png,APGW
captcha_1986.png,KPXX
captcha_1987.png,4WI9
captcha_1988.png,81D0
captcha_1989.png,OQAY
captcha_1990.png,T1L1
captcha_1991.png,3OF9
captcha_1992.png,8PV9
captcha_1993.png,R8N7
captcha_1994.png,KIHM
captcha_1995.png,YHYN
captcha_1996.png,FHOO
captcha_1997.png,8KT6
captcha_1998.png,K7J7
captcha_1999.png,IHZL
captcha_2000.png,YJUR
captcha_2001.png,TIBT
captcha_2002.png,UTUR
captcha_2003.png,PSBT
captcha_2004.png,02X6
captcha_2005.png,03O7
captcha_2006.png,F2R9
captcha_2007.png,5DR3
captcha_2008.png,3SD5
captcha_2009.png,DM81
captcha_2010.png,HTCK
captcha_2011.png,GLHM
captcha_2012.png,RBKC
captcha_2013.png,B0R0
captcha_2014.png,SZRT
captcha_2015.png,B7R1
captcha_2016.png,O9M4
captcha_2017.png,V3D4
captcha_2018.png,CGAL
captcha_2019.png,MGQM
captcha_2020.png,UOQN
captcha_2021.png,PNXP
captcha_2022.png,ANNQ
captcha_2023.png,X5L0
captcha_2024.png,DXEC
captcha_2025.png,LYXP
captcha_2026.png,96M4
captcha_2027.png,70P2
captcha_2028.png,OS31
captcha_2029.png,2NL9
captcha_2030.png,J989
captcha_2031.png,G912
captcha_2032.png,DC18
captcha_2033.png,KOYY
captcha_2034.png,VOPA
captcha_2035.png,ND07
captcha_2036.png,GUWI
captcha_2037.png,8UU7
captcha_2038.png,PN42
captcha_2039.png,BJCO
captcha_2040.png,WIJQ
captcha_2041.png,BUVM
captcha_2042.png,9AS2
captcha_2043.png,FRXF
captcha_2044.png,PRNG
captcha_2045.png,DD45
captcha_2046.png,ZV66
captcha_2047.png,NZ97
captcha_2048.png,B9S8
captcha_2049.png,O5O4
captcha_2050.png,0HV2
captcha_2051.png,G4Q5
captcha_2052.png,FRH6
captcha_2053.png,89D3
captcha_2054.png,ESK4
captcha_2055.png,2JX5
captcha_2056.png,JNI3
captcha_2057.png,EN49
captcha_2058.png,OG22
captcha_2059.png,91S3
captcha_2060.png,T999
captcha_2061.png,7KU4
captcha_2062.png,DGGC
captcha_2063.png,1XC4
captcha_2064.png,DRZA
captcha_2065.png,OQPC
captcha_2066.png,TCBY
captcha_2067.png,ECRZ
captcha_2068.png,OBIA
captcha_2069.png,X698
captcha_2070.png,4AO6
captcha_2071.png,RZOH
captcha_2072.png,CYFI
captcha_2073.png,DNL3
captcha_2074.png,WH45
captcha_2075.png,CKYH
captcha_2076.png,NJOI
captcha_2077.png,8RX3
captcha_2078.png,M7M7
captcha_2079.png,VXJC
captcha_2080.png,75J5
captcha_2081.png,5IB7
captcha_2082.png,7G28
captcha_2083.png,6G33
captcha_2084.png,02C7
captcha_2085.png,90V5
captcha_2086.png,DA11
captcha_2087.png,UH32
captcha_2088.png,8NW9
captcha_2089.png,EKE6
captcha_2090.png,C202
captcha_2091.png,DXER
captcha_2092.png,0NY1
captcha_2093.png,UFSL
captcha_2094.png,TPCK
captcha_2095.png,KLOD
captcha_2096.png,R9T4
captcha_2097.png,8PN6
captcha_2098.png,CP82
captcha_2099.png,6PD5
captcha_2100.png,QE28
captcha_2101.png,CEHG
captcha_2102.png,XQDB
captcha_2103.png,IQTC
captcha_2104.png,ZCC5
captcha_2105.png,GG79
captcha_2106.png,VWZ4
captcha_2107.png,6HF5
captcha_2108.png,OIRS
captcha_2109.png,40Y0
captcha_2110.png,SFTK
captcha_2111.png,NUN2
captcha_2112.png,6V67
captcha_2113.png,PVM4
captcha_2114.png,W8R4
captcha_2115.png,OCGU
captcha_2116.png,6DO1
captcha_2117.png,YFIQ
captcha_2118.png,S8W8
captcha_2119.png,V4T2
captcha_2120.png,MJV4
captcha_2121.png,BDPX
captcha_2122.png,1UY8
captcha_2123.png,9ZT5
captcha_2124.png,EBK8
captcha_2125.png,JOAJ
captcha_2126.png,E9L5
captcha_2127.png,TWBD
captcha_2128.png,PA99
captcha_2129.png,B5P6
captcha_2130.png,KOPT
captcha_2131.png,VNFU
captcha_2132.png,YLMB
captcha_2133.png,LCTC
captcha_2134.png,BQWH
captcha_2135.png,5FE5
captcha_2136.png,JVVB
captcha_2137.png,IWW1
captcha_2138.png,BYOY
captcha_2139.png,L3F6
captcha_2140.png,5G80
captcha_2141.png,UJPL
captcha_2142.png,PVLG
captcha_2143.png,ZVBH
captcha_2144.png,V8Q6
captcha_2145.png,O7L5
captcha_2146.png,QRWD
captcha_2147.png,YL28
captcha_2148.png,VQUG
captcha_2149.png,8GS9
captcha_2150.png,Y6P8
captcha_2151.png,SKGH
captcha_2152.png,I6T0
captcha_2153.png,IYTO
captcha_2154.png,TOJV
captcha_2155.png,DNAW
captcha_2156.png,FBTC
captcha_2157.png,7US9
captcha_2158.png,X0J1
captcha_2159.png,B8M8
captcha_2160.png,18F4
captcha_2161.png,TNB0
captcha_2162.png,P1L9
captcha_2163.png,T1J7
captcha_2164.png,4B02
captcha_2165.png,7NE7
captcha_2166.png,KTGI
captcha_2167.png,VU91
captcha_2168.png,EPMC
captcha_2169.png,T6S1
captcha_2170.png,5B01
captcha_2171.png,7IY0
captcha_2172.png,JZN9
captcha_2173.png,EV34
captcha_2174.png,5WF0
captcha_2175.png,09A1
captcha_2176.png,TB27
captcha_2177.png,NCK3
captcha_2178.png,UPSJ
captcha_2179.png,FOIK
captcha_2180.png,4NP7
captcha_2181.png,O1Q3
captcha_2182.png,RD93
captcha_2183.png,FPAM
captcha_2184.png,BJ44
captcha_2185.png,WWWE
captcha_2186.png,36G3
captcha_2187.png,9IB2
captcha_2188.png,E9V4
captcha_2189.png,7RY9
captcha_2190.png,JTTM
captcha_2191.png,FU24
captcha_2192.png,CWLK
captcha_2193.png,V2R3
captcha_2194.png,PIQU
captcha_2195.png,ZHGV
captcha_2196.png,UTCQ
captcha_2197.png,FTSR
captcha_2198.png,Z1Q6
captcha_2199.png,4YJ3
captcha_2200.png,FZ75
captcha_2201.png,GPEO
captcha_2202.png,GCPV
captcha_2203.png,TX22
captcha_2204.png,YS46
captcha_2205.png,YAFB
captcha_2206.png,0TZ4
captcha_2207.png,CKWM
captcha_2208.png,MKMN
captcha_2209.png,XKDP
captcha_2210.png,1TQ4
captcha_2211.png,1G62
captcha_2212.png,H563
captcha_2213.png,TSWS
captcha_2214.png,OESN
captcha_2215.png,36U3
captcha_2216.png,JEZP
captcha_2217.png,UDPQ
captcha_2218.png,WQDZ
captcha_2219.png,2OX6
captcha_2220.png,PSWW
captcha_2221.png,UEIS
captcha_2222.png,FEYT
captcha_2223.png,B0I1
captcha_2224.png,L1C9
captcha_2225.png,CPTE
captcha_2226.png,I0F9
captcha_2227.png,POWK
captcha_2228.png,4H31
captcha_2229.png,3ZB1
captcha_2230.png,KYVL
captcha_2231.png,VYMM
captcha_2232.png,6OP8
captcha_2233.png,NBEJ
captcha_2234.png,VJEK
captcha_2235.png,M3A1
captcha_2236.png,NMXH
captcha_2237.png,OP32
captcha_2238.png,VKXM
captcha_2239.png,19O3
captcha_2240.png,AP69
captcha_2241.png,1Y95
captcha_2242.png,D138
captcha_2243.png,FFVZ
captcha_2244.png,7MF3
captcha_2245.png,UNWO
captcha_2246.png,FMNP
captcha_2247.png,PMDR
captcha_2248.png,3GT2
captcha_2249.png,X8N6
captcha_2250.png,OTI7
captcha_2251.png,AXMQ
captcha_2252.png,43S4
captcha_2253.png,CLGW
captcha_2254.png,SLX8
captcha_2255.png,4BZ5
captcha_2256.png,CWZV
captcha_2257.png,NWPW
captcha_2258.png,XVFX
captcha_2259.png,VKKO
captcha_2260.png,GJAR
captcha_2261.png,WR79
captcha_2262.png,DM32
captcha_2263.png,7DF6
captcha_2264.png,0GZ8
captcha_2265.png,BY69
captcha_2266.png,3GN9
captcha_2267.png,7EO3
captcha_2268.png,FFAF
captcha_2269.png,QFRH
captcha_2270.png,6LC0
captcha_2271.png,THZF
captcha_2272.png,NNKJ
captcha_2273.png,KPL5
captcha_2274.png,SCHR
captcha_2275.png,DCYS
captcha_2276.png,2PF1
captcha_2277.png,VZOY
captcha_2278.png,4AT7
captcha_2279.png,P4G9
captcha_2280.png,XS64
captcha_2281.png,WBBM
captcha_2282.png,T3S3
captcha_2283.png,YNPU
captcha_2284.png,RB64
captcha_2285.png,N0P1
captcha_2286.png,D7S4
captcha_2287.png,R1E5
captcha_2288.png,NDIA
captcha_2289.png,FDRP
captcha_2290.png,UR02
captcha_2291.png,3MG9
captcha_2292.png,NF46
captcha_2293.png,TNDQ
captcha_2294.png,ZL33
captcha_2295.png,OMKS
captcha_2296.png,TYWP
captcha_2297.png,EYMO
captcha_2298.png,YZ06
captcha_2299.png,U3F9
captcha_2300.png,UHTS
captcha_2301.png,3UY1
captcha_2302.png,0WS3
captcha_2303.png,I3R4
captcha_2304.png,W3A8
captcha_2305.png,DK40
captcha_2306.png,X440
captcha_2307.png,H943
captcha_2308.png,Y8S8
captcha_2309.png,BWEJ
captcha_2310.png,56E1
captcha_2311.png,M4P4
captcha_2312.png,MJDI
captcha_2313.png,VDRT
captcha_2314.png,DLSU
captcha_2315.png,4CV1
captcha_2316.png,CW41
captcha_2317.png,VOKR
captcha_2318.png,PEZ5
captcha_2319.png,7AK3
captcha_2320.png,IQOF
captcha_2321.png,AVEZ
captcha_2322.png,FYII
captcha_2323.png,NV24
captcha_2324.png,VKKF
captcha_2325.png,BWL5
captcha_2326.png,ODPS
captcha_2327.png,8WJ8
captcha_2328.png,N873
captcha_2329.png,BBSX
captcha_2330.png,EX72
captcha_2331.png,2EK5
captcha_2332.png,4FC3
captcha_2333.png,CGLI
captcha_2334.png,CTWP
captcha_2335.png,IZBF
captcha_2336.png,SZSG
captcha_2337.png,VUOD
captcha_2338.png,EVKB
captcha_2339.png,Y5U3
captcha_2340.png,BILK
captcha_2341.png,LIBL
captcha_2342.png,FK44
captcha_2343.png,3ZP2
captcha_2344.png,RF49
captcha_2345.png,IVCT
captcha_2346.png,F0T2
captcha_2347.png,HLLA
captcha_2348.png,RLBB
captcha_2349.png,CKSC
captcha_2350.png,S4V6
captcha_2351.png,EW45
captcha_2352.png,XAYI
captcha_2353.png,I6S1
captcha_2354.png,NX73
captcha_2355.png,EDPW
captcha_2356.png,2L75
captcha_2357.png,LIOP
captcha_2358.png,VHEQ
captcha_2359.png,FFP1
captcha_2360.png,S4Y5
captcha_2361.png,WFMH
captcha_2362.png,P2V6
captcha_2363.png,SLFC
captcha_2364.png,CKVE
captcha_2365.png,XWRZ
captcha_2366.png,SWXB
captcha_2367.png,DVOC
captcha_2368.png,NVED
captcha_2369.png,YUVE
captcha_2370.png,KLGT
captcha_2371.png,OXSQ
captcha_2372.png,AXIR
captcha_2373.png,N9N5
captcha_2374.png,GWFU
captcha_2375.png,OZHO
captcha_2376.png,KM99
captcha_2377.png,I285
captcha_2378.png,6NI1
captcha_2379.png,35U7
captcha_2380.png,HYDK
captcha_2381.png,CKYF
captcha_2382.png,MYGK
captcha_2383.png,TRUX
captcha_2384.png,YLS3
captcha_2385.png,3DT4
captcha_2386.png,FKQX
captcha_2387.png,QKGY
captcha_2388.png,4TV9
captcha_2389.png,UVE1
captcha_2390.png,PZ15
captcha_2391.png,EUNL
captcha_2392.png,MSJB
captcha_2393.png,J8P3
captcha_2394.png,XNXL
captcha_2395.png,HIJ0
captcha_2396.png,C850
captcha_2397.png,VPMM
captcha_2398.png,PYHZ
captcha_2399.png,TL84
captcha_2400.png,R2H8
captcha_2401.png,W1O6
captcha_2402.png,0CX8
captcha_2403.png,LJQB
captcha_2404.png,V1W8
captcha_2405.png,61S2
captcha_2406.png,M3Q8
captcha_2407.png,OL95
captcha_2408.png,K6R5
captcha_2409.png,P4O0
captcha_2410.png,16J2
captcha_2411.png,QK85
captcha_2412.png,ULPF
captcha_2413.png,BGA8
captcha_2414.png,MDR1
captcha_2415.png,REN3
captcha_2416.png,J9M3
captcha_2417.png,YF92
captcha_2418.png,9G54
captcha_2419.png,8EW0
captcha_2420.png,HP56
captcha_2421.png,DJLS
captcha_2422.png,1WN0
captcha_2423.png,2LM3
captcha_2424.png,H5Y2
captcha_2425.png,UT52
captcha_2426.png,OFSD
captcha_2427.png,5JH4
captcha_2428.png,WMXT
captcha_2429.png,RZTP
captcha_2430.png,RMEW
captcha_2431.png,5E04
captcha_2432.png,MX93
captcha_2433.png,EGQT
captcha_2434.png,I325
captcha_2435.png,ZR83
captcha_2436.png,URTQ
captcha_2437.png,SIPS
captcha_2438.png,NULO
captcha_2439.png,KF32
captcha_2440.png,DAGF
captcha_2441.png,0G32
captcha_2442.png,6EN3
captcha_2443.png,OUD4
captcha_2444.png,TZUK
captcha_2445.png,ZLGG
captcha_2446.png,IMCE
captcha_2447.png,KDXT
captcha_2448.png,UDNU
captcha_2449.png,C348
captcha_2450.png,ACLX
captcha_2451.png,S0A8
captcha_2452.png,E8V9
captcha_2453.png,W5O7
captcha_2454.png,SHTU
captcha_2455.png,4GV8
captcha_2456.png,X3Y1
captcha_2457.png,6UO4
captcha_2458.png,D281
captcha_2459.png,4E26
captcha_2460.png,GHBN
captcha_2461.png,1TD9
captcha_2462.png,LYTO
captcha_2463.png,VYKQ
captcha_2464.png,EWFG
captcha_2465.png,8MJ5
captcha_2466.png,M3B1
captcha_2467.png,4KQ0
captcha_2468.png,9RJ5
captcha_2469.png,Q149
captcha_2470.png,9UR1
captcha_2471.png,PW48
captcha_2472.png,3VW2
captcha_2473.png,VAGZ
captcha_2474.png,0ZS3
captcha_2475.png,VUMJ
captcha_2476.png,9JB9
captcha_2477.png,AJ83
captcha_2478.png,WNE1
captcha_2479.png,4LM0
captcha_2480.png,MCNO
captcha_2481.png,SOZK
captcha_2482.png,FJZ2
captcha_2483.png,6H34
captcha_2484.png,CD43
captcha_2485.png,EC08
captcha_2486.png,CG30
captcha_2487.png,C5B4
captcha_2488.png,VS88
captcha_2489.png,ZV71
captcha_2490.png,31U3
captcha_2491.png,SPBP
captcha_2492.png,W1T2
captcha_2493.png,8F99
captcha_2494.png,DLI5
captcha_2495.png,MJ22
captcha_2496.png,4KN7
captcha_2497.png,OE86
captcha_2498.png,BEFL
captcha_2499.png,JUTP
captcha_2500.png,3OU8
captcha_2501.png,U8R3
captcha_2502.png,EPXA
captcha_2503.png,UAAX
captcha_2504.png,CDCT
captcha_2505.png,4W06
captcha_2506.png,T8Y7
captcha_2507.png,1Q81
captcha_2508.png,NRWD
captcha_2509.png,RVK2
captcha_2510.png,RL03
captcha_2511.png,OU63
captcha_2512.png,F6P0
captcha_2513.png,G1Y2
captcha_2514.png,UA91
captcha_2515.png,NFEB
captcha_2516.png,DAP9
captcha_2517.png,TMJS
captcha_2518.png,RXZO
captcha_2519.png,XRTY
captcha_2520.png,WJLL
captcha_2521.png,HJBM
captcha_2522.png,AQ03
captcha_2523.png,ICCX
captcha_2524.png,IPNE
captcha_2525.png,DBJA
captcha_2526.png,NBZB
captcha_2527.png,IAGD
captcha_2528.png,MDJ9
captcha_2529.png,6QK3
captcha_2530.png,WFLZ
captcha_2531.png,ZX42
captcha_2532.png,BMS6
captcha_2533.png,XWOQ
captcha_2534.png,PGMQ
captcha_2535.png,05F9
captcha_2536.png,UN23
captcha_2537.png,CIMP
captcha_2538.png,XUHK
captcha_2539.png,IUYL
captcha_2540.png,G8Q0
captcha_2541.png,SP67
captcha_2542.png,K909
captcha_2543.png,NL54
captcha_2544.png,M395
captcha_2545.png,RBUU
captcha_2546.png,J9X2
captcha_2547.png,UDDS
captcha_2548.png,ZKI3
captcha_2549.png,ZCFK
captcha_2550.png,JCVL
captcha_2551.png,CAHD
captcha_2552.png,XMCY
captcha_2553.png,YAWE
captcha_2554.png,ZLPD
captcha_2555.png,JLFE
captcha_2556.png,08M3
captcha_2557.png,39H3
captcha_2558.png,R5O9
captcha_2559.png,VLBS
captcha_2560.png,L4F3
captcha_2561.png,YEJU
captcha_2562.png,VD12
captcha_2563.png,OB63
captcha_2564.png,29P1
captcha_2565.png,AQ42
captcha_2566.png,Z9R9
captcha_2567.png,YQT2
captcha_2568.png,KQCV
captcha_2569.png,VPTW
captcha_2570.png,3ZG8
captcha_2571.png,NSLU
captcha_2572.png,SEXO
captcha_2573.png,DDNR
captcha_2574.png,B8Q4
captcha_2575.png,31J3
captcha_2576.png,R284
captcha_2577.png,RVEU
captcha_2578.png,MIZP
captcha_2579.png,WHOQ
captcha_2580.png,86X7
captcha_2581.png,RHWS
captcha_2582.png,BTN6
captcha_2583.png,XSIO
captcha_2584.png,1VX4
captcha_2585.png,XX43
captcha_2586.png,TYBJ
captcha_2587.png,LATG
captcha_2588.png,8FC8
captcha_2589.png,7VG7
captcha_2590.png,7PO5
captcha_2591.png,UFFE
captcha_2592.png,FEWF
captcha_2593.png,JFZG
captcha_2594.png,ERUB
captcha_2595.png,ORLC
captcha_2596.png,8J51
captcha_2597.png,KBKD
captcha_2598.png,HQ94
captcha_2599.png,XX33
captcha_2600.png,OU22
captcha_2601.png,LG41
captcha_2602.png,28M4
captcha_2603.png,29B2
captcha_2604.png,JB22
captcha_2605.png,2RK6
captcha_2606.png,JMST
captcha_2607.png,UMIU
captcha_2608.png,ELYV
captcha_2609.png,ZXUQ
captcha_2610.png,IZOP
captcha_2611.png,RN53
captcha_2612.png,ROQ4
captcha_2613.png,PHAT
captcha_2614.png,I579
captcha_2615.png,03R2
captcha_2616.png,J2S5
captcha_2617.png,1T92
captcha_2618.png,U2I5
captcha_2619.png,4IV8
captcha_2620.png,U2Q2
captcha_2621.png,KY34
captcha_2622.png,DPQZ
captcha_2623.png,OOGA
captcha_2624.png,4X15
captcha_2625.png,F8Y1
captcha_2626.png,OOW1
captcha_2627.png,TTDL
captcha_2628.png,4K68
captcha_2629.png,NUQL
captcha_2630.png,KAYD
captcha_2631.png,UZPE
captcha_2632.png,FZFF
captcha_2633.png,H522
captcha_2634.png,8U57
captcha_2635.png,V455
captcha_2636.png,1GA3
captcha_2637.png,HBDV
captcha_2638.png,RBTW
captcha_2639.png,MNPR
captcha_2640.png,BA48
captcha_2641.png,YRD2
captcha_2642.png,72T4
captcha_2643.png,RS23
captcha_2644.png,QOHR
captcha_2645.png,DHOS
captcha_2646.png,JJMD
captcha_2647.png,KDNP
captcha_2648.png,VCDQ
captcha_2649.png,FCTR
captcha_2650.png,QBKS
captcha_2651.png,SC99
captcha_2652.png,TMAE
captcha_2653.png,3G53
captcha_2654.png,PHO2
captcha_2655.png,ZGWQ
captcha_2656.png,MQDD
captcha_2657.png,XPTE
captcha_2658.png,8OA5
captcha_2659.png,R855
captcha_2660.png,TVMZ
captcha_2661.png,3B47
captcha_2662.png,YWXZ
captcha_2663.png,LICJ
captcha_2664.png,2WS9
captcha_2665.png,KNSS
captcha_2666.png,EU88
captcha_2667.png,V4D1
captcha_2668.png,G4I1
captcha_2669.png,U8P3
captcha_2670.png,JOSU
captcha_2671.png,ECNP
captcha_2672.png,OT27
captcha_2673.png,9UP8
captcha_2674.png,B4F0
captcha_2675.png,MIAW
captcha_2676.png,I7B1
captcha_2677.png,8UC9
captcha_2678.png,7P32
captcha_2679.png,FJSK
captcha_2680.png,DAOM
captcha_2681.png,ETG1
captcha_2682.png,HKXX
captcha_2683.png,0LK6
captcha_2684.png,9FL6
captcha_2685.png,DB92
captcha_2686.png,Y238
captcha_2687.png,93Z5
captcha_2688.png,DGPW
captcha_2689.png,NFFX
captcha_2690.png,PV69
captcha_2691.png,2GL5
captcha_2692.png,5LR9
captcha_2693.png,OBRU
captcha_2694.png,JOMP
captcha_2695.png,JBYW
captcha_2696.png,RZYB
captcha_2697.png,XGDS
captcha_2698.png,IFTT
captcha_2699.png,RHPS
captcha_2700.png,DDDY
captcha_2701.png,EHG4
captcha_2702.png,L014
captcha_2703.png,WWMZ
captcha_2704.png,9GA9
captcha_2705.png,6BR5
captcha_2706.png,UHHK
captcha_2707.png,37Z2
captcha_2708.png,OO53
captcha_2709.png,SWLD
captcha_2710.png,23K8
captcha_2711.png,IL23
captcha_2712.png,XVIG
captcha_2713.png,I9L5
captcha_2714.png,7NV2
captcha_2715.png,E1I7
captcha_2716.png,YRUD
captcha_2717.png,LMG7
captcha_2718.png,ZZV5
captcha_2719.png,CRCS
captcha_2720.png,NRST
captcha_2721.png,SYXK
captcha_2722.png,DXOL
captcha_2723.png,7SK1
captcha_2724.png,AJV0
captcha_2725.png,K4R1
captcha_2726.png,8N23
captcha_2727.png,OO52
captcha_2728.png,PHO3
captcha_2729.png,UA64
captcha_2730.png,EESG
captcha_2731.png,ZEZI
captcha_2732.png,KDPJ
captcha_2733.png,UDFL
captcha_2734.png,FDWM
captcha_2735.png,L0B6
captcha_2736.png,N2B1
captcha_2737.png,KRTT
captcha_2738.png,XYG2
captcha_2739.png,AET8
captcha_2740.png,6OZ3
captcha_2741.png,ESKH
captcha_2742.png,R3I3
captcha_2743.png,U473
captcha_2744.png,WYNP
captcha_2745.png,XWC2
captcha_2746.png,S158
captcha_2747.png,1O08
captcha_2748.png,OJ89
captcha_2749.png,YFSK
captcha_2750.png,MGG2
captcha_2751.png,JGSN
captcha_2752.png,FX32
captcha_2753.png,1JX5
captcha_2754.png,SFFG
captcha_2755.png,NEMI
captcha_2756.png,74L1
captcha_2757.png,NPFG
captcha_2758.png,ABJO
captcha_2759.png,LBAR
captcha_2760.png,ONMN
captcha_2761.png,C5V4
captcha_2762.png,MY02
captcha_2763.png,28A1
captcha_2764.png,NBQ0
captcha_2765.png,MQWD
captcha_2766.png,JWEV
captcha_2767.png,OUCY
captcha_2768.png,ZUSZ
captcha_2769.png,5WX6
captcha_2770.png,EOWM
captcha_2771.png,4M13
captcha_2772.png,L4E2
captcha_2773.png,AGDA
captcha_2774.png,ATOH
captcha_2775.png,ARWY
captcha_2776.png,KRMZ
captcha_2777.png,QYRQ
captcha_2778.png,QLDX
captcha_2779.png,M1V5
captcha_2780.png,S5C6
captcha_2781.png,YGBU
captcha_2782.png,DRNQ
captcha_2783.png,YRUS
captcha_2784.png,JOLT
captcha_2785.png,OLT3
captcha_2786.png,JBDS
captcha_2787.png,SDAQ
captcha_2788.png,81H9
captcha_2789.png,HORF
captcha_2790.png,SNHG
captcha_2791.png,NQPQ
captcha_2792.png,GX25
captcha_2793.png,XH13
captcha_2794.png,IW15
captcha_2795.png,J4F3
captcha_2796.png,E5K4
captcha_2797.png,RLYA
captcha_2798.png,RYJH
captcha_2799.png,WG30
captcha_2800.png,AHI5
captcha_2801.png,XVOC
captcha_2802.png,FDPD
captcha_2803.png,OFLC
captcha_2804.png,M8P3
captcha_2805.png,PLXV
captcha_2806.png,JHCP
captcha_2807.png,CCIK
captcha_2808.png,3GX6
captcha_2809.png,2SA1
captcha_2810.png,0CR6
captcha_2811.png,D336
captcha_2812.png,A3C3
captcha_2813.png,4EG5
captcha_2814.png,55A5
captcha_2815.png,SDC3
captcha_2816.png,LRWJ
captcha_2817.png,3IM1
captcha_2818.png,FDCH
captcha_2819.png,E9Z2
captcha_2820.png,OOLH
captcha_2821.png,JCG1
captcha_2822.png,GZNE
captcha_2823.png,BYUG
captcha_2824.png,KAQF
captcha_2825.png,HFZX
captcha_2826.png,B219
captcha_2827.png,VKZE
captcha_2828.png,C6N0
captcha_2829.png,D1P8
captcha_2830.png,OK33
captcha_2831.png,TSGM
captcha_2832.png,MH53
captcha_2833.png,IC59
captcha_2834.png,FOYH
captcha_2835.png,P4J5
captcha_2836.png,L6Q1
captcha_2837.png,MR92
captcha_2838.png,41J3
captcha_2839.png,1K90
captcha_2840.png,BJQG
captcha_2841.png,JZ39
captcha_2842.png,CUJE
captcha_2843.png,MUZF
captcha_2844.png,XUPG
captcha_2845.png,DAVX
captcha_2846.png,NALY
captcha_2847.png,SU26
captcha_2848.png,R5P4
captcha_2849.png,MKIM
captcha_2850.png,WJZN
captcha_2851.png,V0M2
captcha_2852.png,PC33
captcha_2853.png,ER74
captcha_2854.png,GPQY
captcha_2855.png,F1T4
captcha_2856.png,W3G5
captcha_2857.png,DSQK
captcha_2858.png,NSGM
captcha_2859.png,L503
captcha_2860.png,TPLG
captcha_2861.png,EOBH
captcha_2862.png,C2B9
captcha_2863.png,GQI3
captcha_2864.png,EHMW
captcha_2865.png,5YJ1
captcha_2866.png,4SU5
captcha_2867.png,FNYP
captcha_2868.png,PNOQ
captcha_2869.png,ANFR
captcha_2870.png,3HL4
captcha_2871.png,DHBN
captcha_2872.png,TKU9
captcha_2873.png,S8V9
captcha_2874.png,0RH1
captcha_2875.png,MS97
captcha_2876.png,JS35
captcha_2877.png,T9K1
captcha_2878.png,JCJN
captcha_2879.png,TBAO
captcha_2880.png,JNCM
captcha_2881.png,UNSN
captcha_2882.png,XPBL
captcha_2883.png,P8M4
captcha_2884.png,HKPV
captcha_2885.png,SJGW
captcha_2886.png,25F0
captcha_2887.png,IVIT
captcha_2888.png,SUZU
captcha_2889.png,CWVT
captcha_2890.png,OSIZ
captcha_2891.png,UYNO
captcha_2892.png,FYER
captcha_2893.png,XT50
captcha_2894.png,50W9
captcha_2895.png,X118
captcha_2896.png,XR65
captcha_2897.png,OUT2
captcha_2898.png,WBLG
captcha_2899.png,GABH
captcha_2900.png,15I6
captcha_2901.png,7K21
captcha_2902.png,J1O9
captcha_2903.png,8OK4
captcha_2904.png,O6L5
captcha_2905.png,F3W1
captcha_2906.png,1T43
captcha_2907.png,E5C5
captcha_2908.png,6Y27
captcha_2909.png,V8C9
captcha_2910.png,PX83
captcha_2911.png,YOO9
captcha_2912.png,ZSVG
captcha_2913.png,FEHD
captcha_2914.png,PDYE
captcha_2915.png,VPKA
captcha_2916.png,DFXD
captcha_2917.png,3E69
captcha_2918.png,TMSV
captcha_2919.png,NYDH
captcha_2920.png,2IY3
captcha_2921.png,KGWK
captcha_2922.png,14M4
captcha_2923.png,WS13
captcha_2924.png,74Y4
captcha_2925.png,SZ64
captcha_2926.png,AR48
captcha_2927.png,X9N4
captcha_2928.png,O4G2
captcha_2929.png,OAA4
captcha_2930.png,DLBO
captcha_2931.png,NLRQ
captcha_2932.png,9ZG2
captcha_2933.png,13J4
captcha_2934.png,ZJUV
captcha_2935.png,94N8
captcha_2936.png,IO25
captcha_2937.png,2PL1
captcha_2938.png,S3P9
captcha_2939.png,6IQ5
captcha_2940.png,MESB
captcha_2941.png,Z3Z0
captcha_2942.png,T6T8
captcha_2943.png,KU53
captcha_2944.png,26Q3
captcha_2945.png,Y0S2
captcha_2946.png,LZJN
captcha_2947.png,ILDY
captcha_2948.png,OTEZ
captcha_2949.png,JRPR
captcha_2950.png,UQGS
captcha_2951.png,LNRL
captcha_2952.png,D1P2
captcha_2953.png,LLVO
captcha_2954.png,S821
captcha_2955.png,LG27
captcha_2956.png,H7L8
captcha_2957.png,9JZ2
captcha_2958.png,K9A9
captcha_2959.png,4G80
captcha_2960.png,KT50
captcha_2961.png,XQHG
captcha_2962.png,SPOJ
captcha_2963.png,COEK
captcha_2964.png,4OL3
captcha_2965.png,1BT3
captcha_2966.png,BOTB
captcha_2967.png,MOJC
captcha_2968.png,CZLZ
captcha_2969.png,2BQ9
captcha_2970.png,E6V4
captcha_2971.png,PJ95
captcha_2972.png,KQWT
captcha_2973.png,PLC7
captcha_2974.png,G1X3
captcha_2975.png,KOAZ
captcha_2976.png,SSCV
captcha_2977.png,WXRP
captcha_2978.png,WKCW
captcha_2979.png,1BQ6
captcha_2980.png,MHXS
captcha_2981.png,IG24
captcha_2982.png,ZATS
captcha_2983.png,JAJT
captcha_2984.png,JO30
captcha_2985.png,ULST
captcha_2986.png,1LL4
captcha_2987.png,GM92
captcha_2988.png,B684
captcha_2989.png,8GC8
captcha_2990.png,2KZ9
captcha_2991.png,NBTO
captcha_2992.png,VAOE
captcha_2993.png,QECM
captcha_2994.png,1T42
captcha_2995.png,TS54
captcha_2996.png,O2S3
captcha_2997.png,PKCW
captcha_2998.png,VWOS
captcha_2999.png,G214
captcha_3000.png,1PA1
captcha_3001.png,WDTN
captcha_3002.png,HCJP
captcha_3003.png,2IO3
captcha_3004.png,CEBC
captcha_3005.png,X9P7
captcha_3006.png,Z1Q3
captcha_3007.png,TMU5
captcha_3008.png,ZAJY
captcha_3009.png,K955
captcha_3010.png,MMA0
captcha_3011.png,NK15
captcha_3012.png,A543
captcha_3013.png,AZT9
captcha_3014.png,3WB1
captcha_3015.png,XLAQ
captcha_3016.png,SGS8
captcha_3017.png,HT46
captcha_3018.png,7TI6
captcha_3019.png,J9Q2
captcha_3020.png,8EW2
captcha_3021.png,0LM9
captcha_3022.png,EOCO
captcha_3023.png,G2Y4
captcha_3024.png,ECVN
captcha_3025.png,96E3
captcha_3026.png,EUFC
captcha_3027.png,3UD0
captcha_3028.png,64B1
captcha_3029.png,VBAT
captcha_3030.png,92J9
captcha_3031.png,MLXT
captcha_3032.png,7XF3
captcha_3033.png,CRX4
captcha_3034.png,5VN1
captcha_3035.png,PIEA
captcha_3036.png,9QP0
captcha_3037.png,YRSP
captcha_3038.png,IRIQ
captcha_3039.png,DDEM
captcha_3040.png,OT47
captcha_3041.png,WLUO
captcha_3042.png,GLLP
captcha_3043.png,RKBQ
captcha_3044.png,LYDJ
captcha_3045.png,RVUO
captcha_3046.png,CVKP
captcha_3047.png,I252
captcha_3048.png,AFID
captcha_3049.png,JK67
captcha_3050.png,2VG7
captcha_3051.png,4HU2
captcha_3052.png,5OS1
captcha_3053.png,NGWU
captcha_3054.png,8VG0
captcha_3055.png,W336
captcha_3056.png,AAIR
captcha_3057.png,QMKP
captcha_3058.png,X529
captcha_3059.png,ONAP
captcha_3060.png,18V5
captcha_3061.png,62Z9
captcha_3062.png,L4J6
captcha_3063.png,PAQ3
captcha_3064.png,COYF
captcha_3065.png,VO14
captcha_3066.png,PAW3
captcha_3067.png,0QJ9
captcha_3068.png,M9T4
captcha_3069.png,O7U2
captcha_3070.png,RHCW
captcha_3071.png,OMLO
captcha_3072.png,LOE9
captcha_3073.png,GRI1
captcha_3074.png,ETGG
captcha_3075.png,1GO0
captcha_3076.png,LF97
captcha_3077.png,0LG9
captcha_3078.png,BOPC
captcha_3079.png,JG81
captcha_3080.png,BZIA
captcha_3081.png,OQOB
captcha_3082.png,3EP8
captcha_3083.png,MKRA
captcha_3084.png,F4Q2
captcha_3085.png,8WR9
captcha_3086.png,IUQA
captcha_3087.png,SUHB
captcha_3088.png,DTXC
captcha_3089.png,IFJY
captcha_3090.png,TFZA
captcha_3091.png,YEXD
captcha_3092.png,7A38
captcha_3093.png,E3X0
captcha_3094.png,FWE5
captcha_3095.png,V6G2
captcha_3096.png,HYIF
captcha_3097.png,MUY3
captcha_3098.png,1EA1
captcha_3099.png,QHWU
captcha_3100.png,LGDW
captcha_3101.png,VGTX
captcha_3102.png,GY57
captcha_3103.png,ZF90
captcha_3104.png,6EP5
captcha_3105.png,Y2J5
captcha_3106.png,CKX3
captcha_3107.png,J4C2
captcha_3108.png,IYHR
captcha_3109.png,SXXS
captcha_3110.png,RCSP
captcha_3111.png,RPEW
captcha_3112.png,WBOS
captcha_3113.png,EJQU
captcha_3114.png,8QV6
captcha_3115.png,20K2
captcha_3116.png,6OM8
captcha_3117.png,WUAH
captcha_3118.png,5OZ6
captcha_3119.png,BIJA
captcha_3120.png,XFTG
captcha_3121.png,G4G8
captcha_3122.png,N175
captcha_3123.png,GQ83
captcha_3124.png,NVC3
captcha_3125.png,HKKR
captcha_3126.png,1RG5
captcha_3127.png,ZF98
captcha_3128.png,X011
captcha_3129.png,MGM1
captcha_3130.png,LPB5
captcha_3131.png,FCEK
captcha_3132.png,OC26
captcha_3133.png,UKFZ
captcha_3134.png,UXQG
captcha_3135.png,6K38
captcha_3136.png,J0G4
captcha_3137.png,2CB1
captcha_3138.png,C834
captcha_3139.png,RHCL
captcha_3140.png,9OX3
captcha_3141.png,UP57
captcha_3142.png,15C5
captcha_3143.png,SLFY
captcha_3144.png,CKWZ
captcha_3145.png,0C93
captcha_3146.png,SRD5
captcha_3147.png,UAES
captcha_3148.png,PMAN
captcha_3149.png,OILK
captcha_3150.png,OVXR
captcha_3151.png,GSP1
captcha_3152.png,7OQ2
captcha_3153.png,KK60
captcha_3154.png,LPKC
captcha_3155.png,DNAI
captcha_3156.png,MPWH
captcha_3157.png,JUFZ
captcha_3158.png,GW29
captcha_3159.png,SZMJ
captcha_3160.png,32B2
captcha_3161.png,9PC4
captcha_3162.png,GWJR
captcha_3163.png,OEKS
captcha_3164.png,OUFI
captcha_3165.png,20J5
captcha_3166.png,NW86
captcha_3167.png,8TO9
captcha_3168.png,6S42
captcha_3169.png,GSH1
captcha_3170.png,0LC4
captcha_3171.png,JJR5
captcha_3172.png,4QC9
captcha_3173.png,96L9
captcha_3174.png,HJ95
captcha_3175.png,I7V9
captcha_3176.png,M4G8
captcha_3177.png,OVNW
captcha_3178.png,VHZS
captcha_3179.png,70U3
captcha_3180.png,LSBO
captcha_3181.png,WSSR
captcha_3182.png,GRIS
captcha_3183.png,RRYT
captcha_3184.png,BRPU
captcha_3185.png,98W0
captcha_3186.png,2K99
captcha_3187.png,NGC4
captcha_3188.png,QRNK
captcha_3189.png,YB14
captcha_3190.png,L8J9
captcha_3191.png,3ED9
captcha_3192.png,5I28
captcha_3193.png,O8B3
captcha_3194.png,H5E3
captcha_3195.png,IMOW
captcha_3196.png,IKZO
captcha_3197.png,5E35
captcha_3198.png,6AG1
captcha_3199.png,3JD3
captcha_3200.png,GKKZ
captcha_3201.png,1JD6
captcha_3202.png,XQ59
captcha_3203.png,GNVK
captcha_3204.png,CSEC
captcha_3205.png,4WN1
captcha_3206.png,X167
captcha_3207.png,YZ73
captcha_3208.png,4MZ0
captcha_3209.png,0YT2
captcha_3210.png,Z2T0
captcha_3211.png,BVW8
captcha_3212.png,TS75
captcha_3213.png,L5H4
captcha_3214.png,UGEP
captcha_3215.png,YS16
captcha_3216.png,53A1
captcha_3217.png,9J65
captcha_3218.png,XVDJ
captcha_3219.png,DY95
captcha_3220.png,98A8
captcha_3221.png,CB33
captcha_3222.png,YWQW
captcha_3223.png,X125
captcha_3224.png,1RQ3
captcha_3225.png,BPQY
captcha_3226.png,LOGZ
captcha_3227.png,TU74
captcha_3228.png,ZITX
captcha_3229.png,75R4
captcha_3230.png,OWBR
captcha_3231.png,E5R2
captcha_3232.png,TC51
captcha_3233.png,2WP0
captcha_3234.png,QQM2
captcha_3235.png,XUMU
captcha_3236.png,ISKN
captcha_3237.png,TRAO
captcha_3238.png,PPBS
captcha_3239.png,KBXO
captcha_3240.png,JJPE
captcha_3241.png,POUV
captcha_3242.png,46C7
captcha_3243.png,KPBX
captcha_3244.png,VORY
captcha_3245.png,AADU
captcha_3246.png,WISK
captcha_3247.png,QMFR
captcha_3248.png,4G90
captcha_3249.png,HS58
captcha_3250.png,1TI3
captcha_3251.png,NCRL
captcha_3252.png,7L99
captcha_3253.png,CVLY
captcha_3254.png,NVBA
captcha_3255.png,XVSB
captcha_3256.png,4PB5
captcha_3257.png,QCID
captcha_3258.png,VX97
captcha_3259.png,TQKZ
captcha_3260.png,9C32
captcha_3261.png,6OE9
captcha_3262.png,S5N2
captcha_3263.png,9Y41
captcha_3264.png,SZ85
captcha_3265.png,WGBV
captcha_3266.png,RGIY
captcha_3267.png,DYZK
captcha_3268.png,BO44
captcha_3269.png,ONEC
captcha_3270.png,P4O8
captcha_3271.png,OJIK
captcha_3272.png,8WR2
captcha_3273.png,ZE81
captcha_3274.png,D3U9
captcha_3275.png,M352
captcha_3276.png,WS29
captcha_3277.png,CVZ5
captcha_3278.png,NUPA
captcha_3279.png,4MU8
captcha_3280.png,6UO6
captcha_3281.png,1TS0
captcha_3282.png,LVFA
captcha_3283.png,OQBW
captcha_3284.png,WGOZ
captcha_3285.png,ZAKW
captcha_3286.png,1G62
captcha_3287.png,TXQQ
captcha_3288.png,OCZI
captcha_3289.png,D4B7
captcha_3290.png,LBFK
captcha_3291.png,E8H8
captcha_3292.png,DP56
captcha_3293.png,0ZJ0
captcha_3294.png,X6N3
captcha_3295.png,KHOV
captcha_3296.png,S8E5
captcha_3297.png,ZCGG
captcha_3298.png,TL04
captcha_3299.png,EGKO
captcha_3300.png,HKB0
captcha_3301.png,6FI0
captcha_3302.png,UF15
captcha_3303.png,OI48
captcha_3304.png,FIHE
captcha_3305.png,4XX6
captcha_3306.png,ESFS
captcha_3307.png,FZ80
captcha_3308.png,VR83
captcha_3309.png,CMHQ
captcha_3310.png,MLYR
captcha_3311.png,0LO0
captcha_3312.png,JURU
captcha_3313.png,OMQ5
captcha_3314.png,Z644
captcha_3315.png,MEIG
captcha_3316.png,0N53
captcha_3317.png,K3I6
captcha_3318.png,ONVH
captcha_3319.png,FPKT
captcha_3320.png,KBWP
captcha_3321.png,4TR9
captcha_3322.png,R2U4
captcha_3323.png,CVLO
captcha_3324.png,NVBP
captcha_3325.png,XVSQ
captcha_3326.png,9SL1
captcha_3327.png,NGUN
captcha_3328.png,NR22
captcha_3329.png,MPT6
captcha_3330.png,OUYW
captcha_3331.png,TRDR
captcha_3332.png,HDHB
captcha_3333.png,RCXC
captcha_3334.png,CCOD
captcha_3335.png,HOAZ
captcha_3336.png,ROQA
captcha_3337.png,BPMZ
captcha_3338.png,R3Y3
captcha_3339.png,DZS4
captcha_3340.png,N6X9
captcha_3341.png,K233
captcha_3342.png,XCNH
captcha_3343.png,KEMH
captcha_3344.png,JBQN
captcha_3345.png,YLKL
captcha_3346.png,DXWH
captcha_3347.png,ONMM
captcha_3348.png,JY82
captcha_3349.png,5FK4
captcha_3350.png,2MB5
captcha_3351.png,N6C7
captcha_3352.png,5AW3
captcha_3353.png,KWA7
captcha_3354.png,ZXL0
captcha_3355.png,COVN
captcha_3356.png,S2L2
captcha_3357.png,DBNM
captcha_3358.png,NBEN
captcha_3359.png,94Q7
captcha_3360.png,1YV5
captcha_3361.png,8GW5
captcha_3362.png,HVBB
captcha_3363.png,II10
captcha_3364.png,L1D5
captcha_3365.png,CAF4
captcha_3366.png,3QN8
captcha_3367.png,KKAV
captcha_3368.png,C5P8
captcha_3369.png,OHEQ
captcha_3370.png,AGVR
captcha_3371.png,6R04
captcha_3372.png,VGBT
captcha_3373.png,WQ85
captcha_3374.png,JS56
captcha_3375.png,MFYW
captcha_3376.png,09I1
captcha_3377.png,99S5
captcha_3378.png,XNGO
captcha_3379.png,HMWP
captcha_3380.png,MYIL
captcha_3381.png,XYYM
captcha_3382.png,21D7
captcha_3383.png,OO41
captcha_3384.png,KSVN
captcha_3385.png,BJZA
captcha_3386.png,VFFU
captcha_3387.png,FCUN
captcha_3388.png,YXAI
captcha_3389.png,5SS4
captcha_3390.png,4FT3
captcha_3391.png,WEBC
captcha_3392.png,CQNY
captcha_3393.png,MQDZ
captcha_3394.png,TDUI
captcha_3395.png,X1V5
captcha_3396.png,KJQA
captcha_3397.png,ROPT
captcha_3398.png,1XP3
captcha_3399.png,YQJ5
captcha_3400.png,UZGF
captcha_3401.png,6TA5
captcha_3402.png,J6H8
captcha_3403.png,9I86
captcha_3404.png,M2L8
captcha_3405.png,BPNO
captcha_3406.png,MS29
captcha_3407.png,UGZS
captcha_3408.png,SWWU
captcha_3409.png,HPCU
captcha_3410.png,P1V2
captcha_3411.png,1KE8
captcha_3412.png,L076
captcha_3413.png,8RO8
captcha_3414.png,Y4P3
captcha_3415.png,KOW4
captcha_3416.png,IJSW
captcha_3417.png,DVNR
captcha_3418.png,NVES
captcha_3419.png,TMLK
captcha_3420.png,Z0C2
captcha_3421.png,B5U0
captcha_3422.png,AMRM
captcha_3423.png,7WB4
captcha_3424.png,NVQ3
captcha_3425.png,CZPY
captcha_3426.png,XGDO
captcha_3427.png,2JM2
captcha_3428.png,ANK6
captcha_3429.png,SW14
captcha_3430.png,55G0
captcha_3431.png,NZYB
captcha_3432.png,XZOC
captcha_3433.png,SYVF
captcha_3434.png,VSRB
captcha_3435.png,VVBM
captcha_3436.png,VLBO
captcha_3437.png,X3Q9
captcha_3438.png,CT16
captcha_3439.png,RZCY
captcha_3440.png,R7T1
captcha_3441.png,31R2
captcha_3442.png,3HP4
captcha_3443.png,T2K5
captcha_3444.png,0L96
captcha_3445.png,M6S4
captcha_3446.png,96H0
captcha_3447.png,NMMK
captcha_3448.png,XMCL
captcha_3449.png,OI27
captcha_3450.png,FKCQ
captcha_3451.png,V9O1
captcha_3452.png,ODM3
captcha_3453.png,DN63
captcha_3454.png,0ZJ4
captcha_3455.png,WQL4
captcha_3456.png,OUVS
captcha_3457.png,H0P9
captcha_3458.png,TPRO
captcha_3459.png,DOIP
captcha_3460.png,R823
captcha_3461.png,WRAN
captcha_3462.png,RQHP
captcha_3463.png,05K7
captcha_3464.png,UWVJ
captcha_3465.png,40Q1
captcha_3466.png,GDI2
captcha_3467.png,2MO1
captcha_3468.png,3PL6
captcha_3469.png,F8S6
captcha_3470.png,FKPU
captcha_3471.png,AREJ
captcha_3472.png,LQVL
captcha_3473.png,GDQG
captcha_3474.png,2HN9
captcha_3475.png,OTDJ
captcha_3476.png,LJ70
captcha_3477.png,YNST
captcha_3478.png,0ML7
captcha_3479.png,CLUM
captcha_3480.png,BB62
captcha_3481.png,X7P2
captcha_3482.png,YUJ7
captcha_3483.png,VYJ6
captcha_3484.png,TCIC
captcha_3485.png,9DR6
captcha_3486.png,TBPT
captcha_3487.png,4AF2
captcha_3488.png,RRMV
captcha_3489.png,W929
captcha_3490.png,6QX5
captcha_3491.png,BMBF
captcha_3492.png,MLRG
captcha_3493.png,WLHH
captcha_3494.png,C3Y6
captcha_3495.png,CXTD
captcha_3496.png,ZNQG
captcha_3497.png,KNHH
captcha_3498.png,PZTD
captcha_3499.png,NSVB
captcha_3500.png,VQQN
captcha_3501.png,1QH9
captcha_3502.png,KO35
captcha_3503.png,MQ39
captcha_3504.png,7LQ8
captcha_3505.png,KQNF
captcha_3506.png,XIVT
captcha_3507.png,RFIG
captcha_3508.png,AJPQ
captcha_3509.png,9C21
captcha_3510.png,EY10
captcha_3511.png,BQTL
captcha_3512.png,LDII
captcha_3513.png,RI00
captcha_3514.png,S5Q6
captcha_3515.png,4VO0
captcha_3516.png,6PI3
captcha_3517.png,HIS7
captcha_3518.png,Z2Q4
captcha_3519.png,5IM7
captcha_3520.png,IGML
captcha_3521.png,0LI3
captcha_3522.png,5Q53
captcha_3523.png,FIR6
captcha_3524.png,3DI8
captcha_3525.png,UID8
captcha_3526.png,U7Q9
captcha_3527.png,M4I8
captcha_3528.png,5XQ0
captcha_3529.png,VAQS
captcha_3530.png,UIXA
captcha_3531.png,8SQ3
captcha_3532.png,JITD
captcha_3533.png,5Q27
captcha_3534.png,ZFID
captcha_3535.png,IEDU
captcha_3536.png,QHFQ
captcha_3537.png,RQE5
captcha_3538.png,4IY8
captcha_3539.png,TI92
captcha_3540.png,QBJK
captcha_3541.png,UJQ9
captcha_3542.png,GIMV
captcha_3543.png,57I7
captcha_3544.png,QBNL
captcha_3545.png,DIK8
captcha_3546.png,CRID
captcha_3547.png,ERUI
captcha_3548.png,YVIP
captcha_3549.png,GDIR
captcha_3550.png,KISX
captcha_3551.png,IHXM
captcha_3552.png,JIL2
captcha_3553.png,PPHQ
captcha_3554.png,LQWS
captcha_3555.png,IRBK
captcha_3556.png,KQNO
captcha_3557.png,IQD5
captcha_3558.png,ICIZ
captcha_3559.png,QADQ
captcha_3560.png,YIDR
captcha_3561.png,PIH1
captcha_3562.png,IZ73
captcha_3563.png,5YQ8
captcha_3564.png,R3I2
captcha_3565.png,7QZ5
captcha_3566.png,IPZN
captcha_3567.png,EQOO
captcha_3568.png,1HQ9
captcha_3569.png,I4E2
captcha_3570.png,I5J8
captcha_3571.png,IZCK
captcha_3572.png,DEIU
captcha_3573.png,8KQ4
captcha_3574.png,XZ10
captcha_3575.png,OQ76
captcha_3576.png,2OI9
captcha_3577.png,JRMI
captcha_3578.png,GFNQ
captcha_3579.png,I6I5
captcha_3580.png,IZTP
captcha_3581.png,ISDE
captcha_3582.png,OZIV
captcha_3583.png,WHIW
captcha_3584.png,CEIC
captcha_3585.png,ILNT
captcha_3586.png,I9P2
captcha_3587.png,RLVQ
captcha_3588.png,PAQJ
captcha_3589.png,I1X5
captcha_3590.png,TTSQ
captcha_3591.png,RI00
captcha_3592.png,YPIK
captcha_3593.png,CUSQ
captcha_3594.png,Q1Y1
captcha_3595.png,YERQ
captcha_3596.png,R1Q2
captcha_3597.png,UHI3
captcha_3598.png,IBAI
captcha_3599.png,IXU2
captcha_3600.png,RNZI
captcha_3601.png,1IU4
captcha_3602.png,OSQ2
captcha_3603.png,IO29
captcha_3604.png,OQYK
captcha_3605.png,2QW3
captcha_3606.png,ILOI
captcha_3607.png,XEIW
captcha_3608.png,I7O6
captcha_3609.png,LTXQ
captcha_3610.png,IURF
captcha_3611.png,0QD1
captcha_3612.png,4MI6
captcha_3613.png,8MI0
captcha_3614.png,ECFI
captcha_3615.png,IBXW
captcha_3616.png,AWJG
captcha_3617.png,6IC4
captcha_3618.png,FI94
captcha_3619.png,OFQO
captcha_3620.png,KZQL
captcha_3621.png,07I4
captcha_3622.png,DRJI
captcha_3623.png,CQEK
captcha_3624.png,UKTI
captcha_3625.png,XQDO
captcha_3626.png,I959
captcha_3627.png,6WQ7
captcha_3628.png,IX65
captcha_3629.png,QIAT
captcha_3630.png,MIR6
captcha_3631.png,9IO5
captcha_3632.png,Q6E9
captcha_3633.png,LIMC
captcha_3634.png,WB17
captcha_3635.png,5SI5
captcha_3636.png,OSQU
captcha_3637.png,I497
captcha_3638.png,5PQ8
captcha_3639.png,LQ49
captcha_3640.png,MVUI
captcha_3641.png,IPUF
captcha_3642.png,PDDQ
captcha_3643.png,VKIH
captcha_3644.png,PGQ3
captcha_3645.png,FKIL
captcha_3646.png,IB24
captcha_3647.png,W7I7
captcha_3648.png,71W4
captcha_3649.png,ZFDQ
captcha_3650.png,LOIX
captcha_3651.png,IW56
captcha_3652.png,5IA5
captcha_3653.png,FQFZ
captcha_3654.png,DIUD
captcha_3655.png,FJZQ
